--
-- Table data for `Nodes`
--

INSERT INTO `Nodes` (`IdNode`, `IdParent`, `IdNodeType`, `Name`, `IdState`, `BlockTime`, `BlockUser`, `CreationDate`, `ModificationDate`, `Description`, `SharedWorkflow`, `Path`, `ActiveNF`, `sortorder`, `deleted`) VALUES
(1, NULL, 5001, 'Ximdex', NULL, NULL, NULL, NULL, NULL, NULL, NULL, '/', NULL, 0, 0),
(5044, NULL, 5007, 'ConfigFolder', NULL, NULL, NULL, NULL, NULL, NULL, NULL, '/', NULL, 0, 0),
(5061, NULL, 5007, 'SystemProperty', NULL, NULL, NULL, NULL, NULL, NULL, NULL, '/', NULL, 0, 0),
(5077, NULL, 5007, 'XslTemplate', NULL, NULL, NULL, NULL, NULL, NULL, NULL, '/', NULL, 0, 0),
(5078, NULL, 5007, 'RngVisualTemplate', NULL, NULL, NULL, NULL, NULL, NULL, NULL, '/', NULL, 0, 0),
(5079, NULL, 5007, 'Workflow', NULL, NULL, NULL, NULL, NULL, NULL, NULL, '/', NULL, 0, 0),
(5080, NULL, 5007, 'ModulesFolder', NULL, NULL, NULL, NULL, NULL, NULL, NULL, '/', NULL, 0, 0),
(5081, NULL, 5007, 'ModuleInfoContainer', NULL, NULL, NULL, NULL, NULL, NULL, NULL, '/', NULL, 0, 0),
(5082, NULL, 5007, 'AllowedExtensions', NULL, NULL, NULL, NULL, NULL, NULL, NULL, '/', NULL, 0, 0),
(5090, NULL, 5007, 'JsRootFolder', NULL, NULL, NULL, NULL, NULL, NULL, NULL, '/', NULL, 0, 0),
(5091, NULL, 5007, 'JsFolder', NULL, NULL, NULL, NULL, NULL, NULL, NULL, '/', NULL, 0, 0),
(5092, NULL, 5007, 'JsFile', NULL, NULL, NULL, NULL, NULL, NULL, NULL, '/', NULL, 0, 0),
(5100, NULL, 5007, 'HTMLLayout', NULL, NULL, NULL, NULL, NULL, NULL, NULL, '/', NULL, 0, 0),
(5101, NULL, 5007, 'HTMLComponentsFolder', NULL, NULL, NULL, NULL, NULL, NULL, NULL, '/', NULL, 0, 0),
(5103, NULL, 5007, 'HTMLContainer', NULL, NULL, NULL, NULL, NULL, NULL, NULL, '/', NULL, 0, 0),
(5104, NULL, 5007, 'HtmlDocument', NULL, NULL, NULL, NULL, NULL, NULL, NULL, '/', NULL, 0, 0),
(5105, NULL, 5007, 'HTMLlayoutsFolder', NULL, NULL, NULL, NULL, NULL, NULL, NULL, '/', NULL, 0, 0),
(5106, NULL, 5007, 'HTMLViewsFolder', NULL, NULL, NULL, NULL, NULL, NULL, NULL, '/', NULL, 0, 0),
(5107, NULL, 5007, 'HTMLComponent', NULL, NULL, NULL, NULL, NULL, NULL, NULL, '/', NULL, 0, 0),
(5108, NULL, 5007, 'HTMLView', NULL, NULL, NULL, NULL, NULL, NULL, NULL, '/', NULL, 0, 0),
(5110, NULL, 5007, 'XOTFFolder', NULL, NULL, NULL, NULL, NULL, NULL, NULL, '/', NULL, 0, 0),
(2, 1, 5002, 'Control center', NULL, NULL, NULL, NULL, NULL, NULL, NULL, '/Ximdex', NULL, 0, 0),
(10000, 1, 5012, 'Projects', NULL, NULL, NULL, NULL, NULL, NULL, NULL, '/Ximdex', NULL, 0, 0),
(3, 2, 5003, 'User manager', NULL, NULL, NULL, NULL, NULL, NULL, NULL, '/Ximdex/Control center', NULL, 0, 0),
(4, 2, 5004, 'Group manager', NULL, NULL, NULL, NULL, NULL, NULL, NULL, '/Ximdex/Control center', NULL, 0, 0),
(5, 2, 5005, 'Role manager', NULL, NULL, NULL, NULL, NULL, NULL, NULL, '/Ximdex/Control center', NULL, 0, 0),
(6, 2, 5006, 'Type of node manager', NULL, NULL, NULL, NULL, NULL, NULL, NULL, '/Ximdex/Control center', NULL, 0, 0),
(7, 2, 5030, 'Language manager', NULL, NULL, NULL, NULL, NULL, NULL, NULL, '/Ximdex/Control center', NULL, 0, 0),
(8, 2, 5035, 'Workflow manager', NULL, NULL, NULL, NULL, NULL, NULL, NULL, '/Ximdex/Control center', NULL, 0, 0),
(9, 2, 5029, 'Channel manager', NULL, NULL, NULL, NULL, NULL, NULL, NULL, '/Ximdex/Control center', NULL, 0, 0),
(10, 2, 5037, 'Permit manager', NULL, NULL, NULL, NULL, NULL, NULL, NULL, '/Ximdex/Control center', NULL, 0, 0),
(11, 2, 5058, 'Property manager', NULL, NULL, NULL, NULL, NULL, NULL, NULL, '/Ximdex/Control center', NULL, 0, 0),
(12, 2, 5044, 'Configuration manager', NULL, NULL, NULL, NULL, NULL, NULL, NULL, '/Ximdex/Control center', NULL, 0, 0),
(10004, 2, 5019, 'Metadata manager', NULL, NULL, NULL, NULL, NULL, NULL, NULL, '/Ximdex/Control center', NULL, 0, 0),
(301, 3, 5009, 'ximdex', NULL, NULL, NULL, NULL, NULL, NULL, NULL, '/Ximdex/Control center/User manager', NULL, 0, 0),
(101, 4, 5011, 'General', NULL, NULL, NULL, NULL, NULL, NULL, NULL, '/Ximdex/Control center/Group manager', NULL, 0, 0),
(201, 5, 5010, 'Administrator', NULL, NULL, NULL, NULL, NULL, NULL, NULL, '/Ximdex/Control center/Role manager', NULL, 0, 0),
(202, 5, 5010, 'Editor', NULL, NULL, NULL, 1306935613, 1306935613, NULL, NULL, '/Ximdex/Control center/Role manager', NULL, 0, 0),
(203, 5, 5010, 'Publisher', NULL, NULL, NULL, 1306936491, 1306936491, NULL, NULL, '/Ximdex/Control center/Role manager', NULL, 0, 0),
(5001, 6, 5007, 'Root', NULL, NULL, NULL, NULL, NULL, NULL, NULL, '/Ximdex/Control center/Type of node manager', NULL, 0, 0),
(5002, 6, 5007, 'ControlCenter', NULL, NULL, NULL, NULL, NULL, NULL, NULL, '/Ximdex/Control center/Type of node manager', NULL, 0, 0),
(5003, 6, 5007, 'UserManager', NULL, NULL, NULL, NULL, NULL, NULL, NULL, '/Ximdex/Control center/Type of node manager', NULL, 0, 0),
(5004, 6, 5007, 'GroupManager', NULL, NULL, NULL, NULL, NULL, NULL, NULL, '/Ximdex/Control center/Type of node manager', NULL, 0, 0),
(5005, 6, 5007, 'RoleManager', NULL, NULL, NULL, NULL, NULL, NULL, NULL, '/Ximdex/Control center/Type of node manager', NULL, 0, 0),
(5006, 6, 5007, 'NodeTypeManager', NULL, NULL, NULL, NULL, NULL, NULL, NULL, '/Ximdex/Control center/Type of node manager', NULL, 0, 0),
(5007, 6, 5007, 'NodeType', NULL, NULL, NULL, NULL, NULL, NULL, NULL, '/Ximdex/Control center/Type of node manager', NULL, 0, 0),
(5008, 6, 5007, 'Action', NULL, NULL, NULL, NULL, NULL, NULL, NULL, '/Ximdex/Control center/Type of node manager', NULL, 0, 0),
(5009, 6, 5007, 'User', NULL, NULL, NULL, NULL, NULL, NULL, NULL, '/Ximdex/Control center/Type of node manager', NULL, 0, 0),
(5010, 6, 5007, 'Role', NULL, NULL, NULL, NULL, NULL, NULL, NULL, '/Ximdex/Control center/Type of node manager', NULL, 0, 0),
(5011, 6, 5007, 'Group', NULL, NULL, NULL, NULL, NULL, NULL, NULL, '/Ximdex/Control center/Type of node manager', NULL, 0, 0),
(5012, 6, 5007, 'Projects', NULL, NULL, NULL, NULL, NULL, NULL, NULL, '/Ximdex/Control center/Type of node manager', NULL, 0, 0),
(5013, 6, 5007, 'Project', NULL, NULL, NULL, NULL, NULL, NULL, NULL, '/Ximdex/Control center/Type of node manager', NULL, 0, 0),
(5014, 6, 5007, 'Server', NULL, NULL, NULL, NULL, NULL, NULL, NULL, '/Ximdex/Control center/Type of node manager', NULL, 0, 0),
(5015, 6, 5007, 'Section', NULL, NULL, NULL, NULL, NULL, NULL, NULL, '/Ximdex/Control center/Type of node manager', NULL, 0, 0),
(5016, 6, 5007, 'ImagesRootFolder', NULL, NULL, NULL, NULL, NULL, NULL, NULL, '/Ximdex/Control center/Type of node manager', NULL, 0, 0),
(5017, 6, 5007, 'ImagesFolder', NULL, NULL, NULL, NULL, NULL, NULL, NULL, '/Ximdex/Control center/Type of node manager', NULL, 0, 0),
(5018, 6, 5007, 'XmlRootFolder', NULL, NULL, NULL, NULL, NULL, NULL, NULL, '/Ximdex/Control center/Type of node manager', NULL, 0, 0),
(5019, 6, 5007, 'MetadataManager', NULL, NULL, NULL, NULL, NULL, NULL, NULL, '/Ximdex/Control center/Type of node manager', NULL, 0, 0),
(5020, 6, 5007, 'ImportRootFolder', NULL, NULL, NULL, NULL, NULL, NULL, NULL, '/Ximdex/Control center/Type of node manager', NULL, 0, 0),
(5021, 6, 5007, 'ImportFolder', NULL, NULL, NULL, NULL, NULL, NULL, NULL, '/Ximdex/Control center/Type of node manager', NULL, 0, 0),
(5022, 6, 5007, 'CommonRootFolder', NULL, NULL, NULL, NULL, NULL, NULL, NULL, '/Ximdex/Control center/Type of node manager', NULL, 0, 0),
(5023, 6, 5007, 'CommonFolder', NULL, NULL, NULL, NULL, NULL, NULL, NULL, '/Ximdex/Control center/Type of node manager', NULL, 0, 0),
(5024, 6, 5007, 'CssRootFolder', NULL, NULL, NULL, NULL, NULL, NULL, NULL, '/Ximdex/Control center/Type of node manager', NULL, 0, 0),
(5025, 6, 5007, 'CssFolder', NULL, NULL, NULL, NULL, NULL, NULL, NULL, '/Ximdex/Control center/Type of node manager', NULL, 0, 0),
(5026, 6, 5007, 'TemplatesRootFolder', NULL, NULL, NULL, NULL, NULL, NULL, NULL, '/Ximdex/Control center/Type of node manager', NULL, 0, 0),
(5028, 6, 5007, 'CssFile', NULL, NULL, NULL, NULL, NULL, NULL, NULL, '/Ximdex/Control center/Type of node manager', NULL, 0, 0),
(5029, 6, 5007, 'ChannelManager', NULL, NULL, NULL, NULL, NULL, NULL, NULL, '/Ximdex/Control center/Type of node manager', NULL, 0, 0),
(5030, 6, 5007, 'LanguageManager', NULL, NULL, NULL, NULL, NULL, NULL, NULL, '/Ximdex/Control center/Type of node manager', NULL, 0, 0),
(5031, 6, 5007, 'XmlContainer', NULL, NULL, NULL, NULL, NULL, NULL, NULL, '/Ximdex/Control center/Type of node manager', NULL, 0, 0),
(5032, 6, 5007, 'XmlDocument', NULL, NULL, NULL, NULL, NULL, NULL, NULL, '/Ximdex/Control center/Type of node manager', NULL, 0, 0),
(5033, 6, 5007, 'Channel', NULL, NULL, NULL, NULL, NULL, NULL, NULL, '/Ximdex/Control center/Type of node manager', NULL, 0, 0),
(5034, 6, 5007, 'Language', NULL, NULL, NULL, NULL, NULL, NULL, NULL, '/Ximdex/Control center/Type of node manager', NULL, 0, 0),
(5035, 6, 5007, 'WorkflowManager', NULL, NULL, NULL, NULL, NULL, NULL, NULL, '/Ximdex/Control center/Type of node manager', NULL, 0, 0),
(5036, 6, 5007, 'WorkflowState', NULL, NULL, NULL, NULL, NULL, NULL, NULL, '/Ximdex/Control center/Type of node manager', NULL, 0, 0),
(5037, 6, 5007, 'PermissionManager', NULL, NULL, NULL, NULL, NULL, NULL, NULL, '/Ximdex/Control center/Type of node manager', NULL, 0, 0),
(5038, 6, 5007, 'Permission', NULL, NULL, NULL, NULL, NULL, NULL, NULL, '/Ximdex/Control center/Type of node manager', NULL, 0, 0),
(5039, 6, 5007, 'TextFile', NULL, NULL, NULL, NULL, NULL, NULL, NULL, '/Ximdex/Control center/Type of node manager', NULL, 0, 0),
(5040, 6, 5007, 'ImageFile', NULL, NULL, NULL, NULL, NULL, NULL, NULL, '/Ximdex/Control center/Type of node manager', NULL, 0, 0),
(5041, 6, 5007, 'BinaryFile', NULL, NULL, NULL, NULL, NULL, NULL, NULL, '/Ximdex/Control center/Type of node manager', NULL, 0, 0),
(5042, 6, 5007, 'HtmlFolder', NULL, NULL, NULL, NULL, NULL, NULL, NULL, '/Ximdex/Control center/Type of node manager', NULL, 0, 0),
(5043, 6, 5007, 'ErrorFolder', NULL, NULL, NULL, NULL, NULL, NULL, NULL, '/Ximdex/Control center/Type of node manager', NULL, 0, 0),
(5047, 6, 5007, 'TemplateImages', NULL, NULL, NULL, NULL, NULL, NULL, NULL, '/Ximdex/Control center/Type of node manager', NULL, 0, 0),
(5048, 6, 5007, 'LinkFolder', NULL, NULL, NULL, NULL, NULL, NULL, NULL, '/Ximdex/Control center/Type of node manager', NULL, 0, 0),
(5049, 6, 5007, 'Link', NULL, NULL, NULL, NULL, NULL, NULL, NULL, '/Ximdex/Control center/Type of node manager', NULL, 0, 0),
(5050, 6, 5007, 'LinkManager', NULL, NULL, NULL, NULL, NULL, NULL, NULL, '/Ximdex/Control center/Type of node manager', NULL, 0, 0),
(5053, 6, 5007, 'TemplateViewFolder', NULL, NULL, NULL, NULL, NULL, NULL, NULL, '/Ximdex/Control center/Type of node manager', NULL, 0, 0),
(5054, 6, 5007, 'XimletRootFolder', NULL, NULL, NULL, NULL, NULL, NULL, NULL, '/Ximdex/Control center/Type of node manager', NULL, 0, 0),
(5055, 6, 5007, 'XimletFolder', NULL, NULL, NULL, NULL, NULL, NULL, NULL, '/Ximdex/Control center/Type of node manager', NULL, 0, 0),
(5056, 6, 5007, 'XimletContainer', NULL, NULL, NULL, NULL, NULL, NULL, NULL, '/Ximdex/Control center/Type of node manager', NULL, 0, 0),
(5057, 6, 5007, 'Ximlet', NULL, NULL, NULL, NULL, NULL, NULL, NULL, '/Ximdex/Control center/Type of node manager', NULL, 0, 0),
(5058, 6, 5007, 'PropertiesManager', NULL, NULL, NULL, NULL, NULL, NULL, NULL, '/Ximdex/Control center/Type of node manager', NULL, 0, 0),
(5059, 6, 5007, 'Property', NULL, NULL, NULL, NULL, NULL, NULL, NULL, '/Ximdex/Control center/Type of node manager', NULL, 0, 0),
(5060, 6, 5007, 'SystemContainer', NULL, NULL, NULL, NULL, NULL, NULL, NULL, '/Ximdex/Control center/Type of node manager', NULL, 0, 0),
(5063, 6, 5007, 'ProjectDicFolder', NULL, NULL, NULL, NULL, NULL, NULL, NULL, '/Ximdex/Control center/Type of node manager', NULL, 0, 0),
(5064, 6, 5007, 'Dictionary', NULL, NULL, NULL, NULL, NULL, NULL, NULL, '/Ximdex/Control center/Type of node manager', NULL, 0, 0),
(5065, 6, 5007, 'DicValue', NULL, NULL, NULL, NULL, NULL, NULL, NULL, '/Ximdex/Control center/Type of node manager', NULL, 0, 0),
(5066, 6, 5007, 'DicFolder', NULL, NULL, NULL, NULL, NULL, NULL, NULL, '/Ximdex/Control center/Type of node manager', NULL, 0, 0),
(5068, 6, 5007, 'PropSet', NULL, NULL, NULL, NULL, NULL, NULL, NULL, '/Ximdex/Control center/Type of node manager', NULL, 0, 0),
(5076, 6, 5007, 'NodeHt', NULL, NULL, NULL, NULL, NULL, NULL, NULL, '/Ximdex/Control center/Type of node manager', NULL, 0, 0),
(5111, 6, 5007, 'Sitemap', NULL, NULL, NULL, NULL, NULL, NULL, NULL, '/Ximdex/Control center/Type of node manager', NULL, 0, 0),
(10002, 7, 5034, 'Spanish', NULL, NULL, NULL, NULL, 1551095460, 'Spanish language', NULL, '/Ximdex/Control center/Language manager', NULL, 0, 0),
(10003, 7, 5034, 'English', NULL, NULL, NULL, NULL, 1554289646, 'Inglés', NULL, '/Ximdex/Control center/Language manager', NULL, 0, 0),
(403, 8, 5079, 'Workflow for structured', NULL, NULL, NULL, NULL, NULL, NULL, NULL, '/Ximdex/Control center/Workflow manager', NULL, 0, 0),
(404, 8, 5079, 'Workflow for common', NULL, NULL, NULL, NULL, NULL, NULL, NULL, '/Ximdex/Control center/Workflow manager', NULL, 0, 0),
(10001, 9, 5033, 'HTML', NULL, NULL, NULL, NULL, NULL, 'HTML', NULL, '/Ximdex/Control center/Channel manager', NULL, 0, 0),
(10005, 9, 5033, 'JSON', NULL, NULL, NULL, NULL, NULL, NULL, NULL, '/Ximdex/Control center/Channel manager', NULL, 0, 0),
(1001, 10, 5038, 'View all nodes', NULL, NULL, NULL, NULL, NULL, NULL, NULL, '/Ximdex/Control center/Permit manager', NULL, 0, 0),
(1002, 10, 5038, 'Delete on cascade', NULL, NULL, NULL, NULL, NULL, NULL, NULL, '/Ximdex/Control center/Permit manager', NULL, 0, 0),
(1003, 10, 5038, 'Receive integrity checks', NULL, NULL, NULL, NULL, NULL, NULL, NULL, '/Ximdex/Control center/Permit manager', NULL, 0, 0),
(1004, 10, 5038, 'Delete_frames', NULL, NULL, NULL, NULL, NULL, NULL, NULL, '/Ximdex/Control center/Permit manager', NULL, 0, 0),
(1005, 10, 5038, 'view_publication_resume', NULL, NULL, NULL, NULL, NULL, NULL, NULL, '/Ximdex/Control center/Permit manager', NULL, 0, 0),
(1006, 10, 5038, 'Expert_mode_allowed', NULL, NULL, NULL, NULL, NULL, NULL, NULL, '/Ximdex/Control center/Permit manager', NULL, 0, 0),
(1007, 10, 5038, 'Ximdex_close', NULL, NULL, NULL, NULL, NULL, NULL, NULL, '/Ximdex/Control center/Permit manager', NULL, 0, 0),
(1008, 10, 5038, 'Structural_publication', NULL, NULL, NULL, NULL, NULL, NULL, NULL, '/Ximdex/Control center/Permit manager', NULL, 0, 0),
(1009, 10, 5038, 'Advanced_publication', NULL, NULL, NULL, NULL, NULL, NULL, NULL, '/Ximdex/Control center/Permit manager', NULL, 0, 0),
(1010, 10, 5038, 'Ximedit_publication_allowed', NULL, NULL, NULL, NULL, NULL, NULL, NULL, '/Ximdex/Control center/Permit manager', NULL, 0, 0),
(60, 11, 5060, 'System properties', NULL, NULL, NULL, NULL, NULL, NULL, NULL, '/Ximdex/Control center/Property manager', NULL, 0, 0),
(14, 12, 5082, 'Allowed extensions', NULL, NULL, NULL, NULL, NULL, NULL, NULL, '/Ximdex/Control center/Configuration manager', NULL, 0, 0),
(50, 60, 5061, 'Language', NULL, NULL, NULL, NULL, NULL, NULL, NULL, '/Ximdex/Control center/Property manager/System properties', NULL, 0, 0),
(51, 60, 5061, 'Document_type', NULL, NULL, NULL, NULL, NULL, NULL, NULL, '/Ximdex/Control center/Property manager/System properties', NULL, 0, 0),
(52, 60, 5061, 'Channel', NULL, NULL, NULL, NULL, NULL, NULL, NULL, '/Ximdex/Control center/Property manager/System properties', NULL, 0, 0),
(53, 60, 5061, 'Channels', NULL, NULL, NULL, NULL, NULL, NULL, NULL, '/Ximdex/Control center/Property manager/System properties', NULL, 0, 0),
(54, 60, 5061, 'Nodeid', NULL, NULL, NULL, NULL, NULL, NULL, NULL, '/Ximdex/Control center/Property manager/System properties', NULL, 0, 0),
(55, 60, 5061, 'Project', NULL, NULL, NULL, NULL, NULL, NULL, NULL, '/Ximdex/Control center/Property manager/System properties', NULL, 0, 0),
(56, 60, 5061, 'Server', NULL, NULL, NULL, NULL, NULL, NULL, NULL, '/Ximdex/Control center/Property manager/System properties', NULL, 0, 0),
(57, 60, 5061, 'Document', NULL, NULL, NULL, NULL, NULL, NULL, NULL, '/Ximdex/Control center/Property manager/System properties', NULL, 0, 0),
(58, 60, 5061, 'nombre_documento', NULL, NULL, NULL, NULL, NULL, NULL, NULL, '/Ximdex/Control center/Property manager/System properties', NULL, 0, 0),
(6001, 5003, 5008, 'Add user', NULL, NULL, NULL, NULL, NULL, NULL, NULL, '/Ximdex/Control center/Type of node manager/UserManager', NULL, 0, 0),
(6006, 5004, 5008, 'Add group', NULL, NULL, NULL, NULL, NULL, NULL, NULL, '/Ximdex/Control center/Type of node manager/GroupManager', NULL, 0, 0),
(6010, 5005, 5008, 'Add role', NULL, NULL, NULL, NULL, NULL, NULL, NULL, '/Ximdex/Control center/Type of node manager/RoleManager', NULL, 0, 0),
(6009, 5006, 5008, 'Add node type', NULL, NULL, NULL, NULL, NULL, NULL, NULL, '/Ximdex/Control center/Type of node manager/NodeTypeManager', NULL, 0, 0),
(6008, 5007, 5008, 'Modify node type', NULL, NULL, NULL, NULL, NULL, NULL, NULL, '/Ximdex/Control center/Type of node manager/NodeType', NULL, 0, 0),
(6067, 5008, 5008, 'Delete action', NULL, NULL, NULL, NULL, NULL, NULL, NULL, '/Ximdex/Control center/Type of node manager/Action', NULL, 0, 0),
(6002, 5009, 5008, 'Modify user data', NULL, NULL, NULL, NULL, NULL, NULL, NULL, '/Ximdex/Control center/Type of node manager/User', NULL, 0, 0),
(6003, 5009, 5008, 'Delete user', NULL, NULL, NULL, NULL, NULL, NULL, NULL, '/Ximdex/Control center/Type of node manager/User', NULL, 0, 0),
(6004, 5009, 5008, 'Manage groups', NULL, NULL, NULL, NULL, NULL, NULL, NULL, '/Ximdex/Control center/Type of node manager/User', NULL, 0, 0),
(6005, 5010, 5008, 'Modify role', NULL, NULL, NULL, NULL, NULL, NULL, NULL, '/Ximdex/Control center/Type of node manager/Role', NULL, 0, 0),
(6081, 5010, 5008, 'Modify associated status of workflow', NULL, NULL, NULL, NULL, NULL, NULL, NULL, '/Ximdex/Control center/Type of node manager/Role', NULL, 0, 0),
(6109, 5010, 5008, 'Delete role', NULL, NULL, NULL, NULL, NULL, NULL, NULL, '/Ximdex/Control center/Type of node manager/Role', NULL, 0, 0),
(6096, 5011, 5008, 'Group propertis', NULL, NULL, NULL, NULL, NULL, NULL, NULL, '/Ximdex/Control center/Type of node manager/Group', NULL, 0, 0),
(6101, 5011, 5008, 'Change users', NULL, NULL, NULL, NULL, NULL, NULL, NULL, '/Ximdex/Control center/Type of node manager/Group', NULL, 0, 0),
(6108, 5011, 5008, 'Delete group', NULL, NULL, NULL, NULL, NULL, NULL, NULL, '/Ximdex/Control center/Type of node manager/Group', NULL, 0, 0),
(6500, 5012, 5008, 'Export all projects', NULL, NULL, NULL, NULL, NULL, NULL, NULL, '/Ximdex/Control center/Type of node manager/Projects', NULL, 0, 0),
(6011, 5012, 5008, 'Add project', NULL, NULL, NULL, NULL, NULL, NULL, NULL, '/Ximdex/Control center/Type of node manager/Projects', NULL, 0, 0),
(6550, 5012, 5008, 'Import all projects', NULL, NULL, NULL, NULL, NULL, NULL, NULL, '/Ximdex/Control center/Type of node manager/Projects', NULL, 0, 0),
(7233, 5013, 5008, 'Associate languages with projects', NULL, NULL, NULL, NULL, NULL, NULL, NULL, '/Ximdex/Control center/Type of node manager/Project', NULL, 0, 0),
(7235, 5013, 5008, 'Associate channels with project', NULL, NULL, NULL, NULL, NULL, NULL, NULL, '/Ximdex/Control center/Type of node manager/Project', NULL, 0, 0),
(6501, 5013, 5008, 'Export a complete project', NULL, NULL, NULL, NULL, NULL, NULL, NULL, '/Ximdex/Control center/Type of node manager/Project', NULL, 0, 0),
(6012, 5013, 5008, 'Add server', NULL, NULL, NULL, NULL, NULL, NULL, NULL, '/Ximdex/Control center/Type of node manager/Project', NULL, 0, 0),
(6026, 5013, 5008, 'Change project name', NULL, NULL, NULL, NULL, NULL, NULL, NULL, '/Ximdex/Control center/Type of node manager/Project', NULL, 0, 0),
(6034, 5013, 5008, 'Delete proyect', NULL, NULL, NULL, NULL, NULL, NULL, NULL, '/Ximdex/Control center/Type of node manager/Project', NULL, 0, 0),
(6551, 5013, 5008, 'Import a complete project', NULL, NULL, NULL, NULL, NULL, NULL, NULL, '/Ximdex/Control center/Type of node manager/Project', NULL, 0, 0),
(6600, 5013, 5008, 'Copy a complete project', NULL, NULL, NULL, NULL, NULL, NULL, NULL, '/Ximdex/Control center/Type of node manager/Project', NULL, 0, 0),
(6122, 5013, 5008, 'Associated groups', NULL, NULL, NULL, NULL, NULL, NULL, NULL, '/Ximdex/Control center/Type of node manager/Project', NULL, 0, 0),
(6170, 5014, 5008, 'Move node', NULL, NULL, NULL, NULL, NULL, NULL, NULL, '/Ximdex/Control center/Type of node manager/Server', NULL, 0, 0),
(6202, 5014, 5008, 'Associate ximlet with server', NULL, NULL, NULL, NULL, NULL, NULL, NULL, '/Ximdex/Control center/Type of node manager/Server', NULL, 0, 0),
(6517, 5014, 5008, 'Export a complete server', NULL, NULL, NULL, NULL, NULL, NULL, NULL, '/Ximdex/Control center/Type of node manager/Server', NULL, 0, 0),
(6013, 5014, 5008, 'Add section', NULL, NULL, NULL, NULL, NULL, NULL, NULL, '/Ximdex/Control center/Type of node manager/Server', NULL, 0, 0),
(6027, 5014, 5008, 'Change server name', NULL, NULL, NULL, NULL, NULL, NULL, NULL, '/Ximdex/Control center/Type of node manager/Server', NULL, 0, 0),
(6035, 5014, 5008, 'Delete server', NULL, NULL, NULL, NULL, NULL, NULL, NULL, '/Ximdex/Control center/Type of node manager/Server', NULL, 0, 0),
(6567, 5014, 5008, 'Import a complete server', NULL, NULL, NULL, NULL, NULL, NULL, NULL, '/Ximdex/Control center/Type of node manager/Server', NULL, 0, 0),
(6619, 5014, 5008, 'Copy a complete server', NULL, NULL, NULL, NULL, NULL, NULL, NULL, '/Ximdex/Control center/Type of node manager/Server', NULL, 0, 0),
(6123, 5014, 5008, 'Associated groups', NULL, NULL, NULL, NULL, NULL, NULL, NULL, '/Ximdex/Control center/Type of node manager/Server', NULL, 0, 0),
(6125, 5014, 5008, 'Manage servers', NULL, NULL, NULL, NULL, NULL, NULL, NULL, '/Ximdex/Control center/Type of node manager/Server', NULL, 0, 0),
(6171, 5015, 5008, 'Move node', NULL, NULL, NULL, NULL, NULL, NULL, NULL, '/Ximdex/Control center/Type of node manager/Section', NULL, 0, 0),
(6184, 5015, 5008, 'Associate section with ximlet', NULL, NULL, NULL, NULL, NULL, NULL, NULL, '/Ximdex/Control center/Type of node manager/Section', NULL, 0, 0),
(6204, 5015, 5008, 'Publish section', NULL, NULL, NULL, NULL, NULL, NULL, NULL, '/Ximdex/Control center/Type of node manager/Section', NULL, 0, 0),
(6205, 5015, 5008, 'Expire section', NULL, NULL, NULL, NULL, NULL, NULL, NULL, '/Ximdex/Control center/Type of node manager/Section', NULL, 0, 0),
(6518, 5015, 5008, 'Export a complete section', NULL, NULL, NULL, NULL, NULL, NULL, NULL, '/Ximdex/Control center/Type of node manager/Section', NULL, 0, 0),
(6007, 5015, 5008, 'Configure section', NULL, NULL, NULL, NULL, NULL, NULL, NULL, '/Ximdex/Control center/Type of node manager/Section', NULL, 0, 0),
(6014, 5015, 5008, 'Add Section', NULL, NULL, NULL, NULL, NULL, NULL, NULL, '/Ximdex/Control center/Type of node manager/Section', NULL, 0, 0),
(6025, 5015, 5008, 'Change section name', NULL, NULL, NULL, NULL, NULL, NULL, NULL, '/Ximdex/Control center/Type of node manager/Section', NULL, 0, 0),
(6036, 5015, 5008, 'Delete section', NULL, NULL, NULL, NULL, NULL, NULL, NULL, '/Ximdex/Control center/Type of node manager/Section', NULL, 0, 0),
(6568, 5015, 5008, 'Import a complete section', NULL, NULL, NULL, NULL, NULL, NULL, NULL, '/Ximdex/Control center/Type of node manager/Section', NULL, 0, 0),
(6074, 5015, 5008, 'Asocciated groups', NULL, NULL, NULL, NULL, NULL, NULL, NULL, '/Ximdex/Control center/Type of node manager/Section', NULL, 0, 0),
(6620, 5015, 5008, 'Copy a complete section', NULL, NULL, NULL, NULL, NULL, NULL, NULL, '/Ximdex/Control center/Type of node manager/Section', NULL, 0, 0),
(6508, 5016, 5008, 'Export a complete image folder', NULL, NULL, NULL, NULL, NULL, NULL, NULL, '/Ximdex/Control center/Type of node manager/ImagesRootFolder', NULL, 0, 0),
(6015, 5016, 5008, 'Add image folder', NULL, NULL, NULL, NULL, NULL, NULL, NULL, '/Ximdex/Control center/Type of node manager/ImagesRootFolder', NULL, 0, 0),
(6558, 5016, 5008, 'Import a complete image folder', NULL, NULL, NULL, NULL, NULL, NULL, NULL, '/Ximdex/Control center/Type of node manager/ImagesRootFolder', NULL, 0, 0),
(6343, 5016, 5008, 'Add images', NULL, NULL, NULL, NULL, NULL, NULL, NULL, '/Ximdex/Control center/Type of node manager/ImagesRootFolder', NULL, 0, 0),
(6607, 5016, 5008, 'Copy a complete image folder', NULL, NULL, NULL, NULL, NULL, NULL, NULL, '/Ximdex/Control center/Type of node manager/ImagesRootFolder', NULL, 0, 0),
(6172, 5017, 5008, 'Move node', NULL, NULL, NULL, NULL, NULL, NULL, NULL, '/Ximdex/Control center/Type of node manager/ImagesFolder', NULL, 0, 0),
(6509, 5017, 5008, 'Export a image subfolder', NULL, NULL, NULL, NULL, NULL, NULL, NULL, '/Ximdex/Control center/Type of node manager/ImagesFolder', NULL, 0, 0),
(6016, 5017, 5008, 'Add image folder', NULL, NULL, NULL, NULL, NULL, NULL, NULL, '/Ximdex/Control center/Type of node manager/ImagesFolder', NULL, 0, 0),
(6028, 5017, 5008, 'Change name', NULL, NULL, NULL, NULL, NULL, NULL, NULL, '/Ximdex/Control center/Type of node manager/ImagesFolder', NULL, 0, 0),
(6037, 5017, 5008, 'Delete folder', NULL, NULL, NULL, NULL, NULL, NULL, NULL, '/Ximdex/Control center/Type of node manager/ImagesFolder', NULL, 0, 0),
(6559, 5017, 5008, 'Import a image subfolder', NULL, NULL, NULL, NULL, NULL, NULL, NULL, '/Ximdex/Control center/Type of node manager/ImagesFolder', NULL, 0, 0),
(6344, 5017, 5008, 'Add images', NULL, NULL, NULL, NULL, NULL, NULL, NULL, '/Ximdex/Control center/Type of node manager/ImagesFolder', NULL, 0, 0),
(6608, 5017, 5008, 'Copy a image subfolder', NULL, NULL, NULL, NULL, NULL, NULL, NULL, '/Ximdex/Control center/Type of node manager/ImagesFolder', NULL, 0, 0),
(6512, 5018, 5008, 'Export a complete documents folder', NULL, NULL, NULL, NULL, NULL, NULL, NULL, '/Ximdex/Control center/Type of node manager/XmlRootFolder', NULL, 0, 0),
(6043, 5018, 5008, 'Add XML Documents', NULL, NULL, NULL, NULL, NULL, NULL, NULL, '/Ximdex/Control center/Type of node manager/XmlRootFolder', NULL, 0, 0),
(6044, 5018, 5008, 'Add new XML', NULL, NULL, NULL, NULL, NULL, NULL, NULL, '/Ximdex/Control center/Type of node manager/XmlRootFolder', NULL, 0, 0),
(6562, 5018, 5008, 'Import a complete documents folder', NULL, NULL, NULL, NULL, NULL, NULL, NULL, '/Ximdex/Control center/Type of node manager/XmlRootFolder', NULL, 0, 0),
(6611, 5018, 5008, 'Copy a complete documents folder', NULL, NULL, NULL, NULL, NULL, NULL, NULL, '/Ximdex/Control center/Type of node manager/XmlRootFolder', NULL, 0, 0),
(6124, 5018, 5008, 'Modify view template', NULL, NULL, NULL, NULL, NULL, NULL, NULL, '/Ximdex/Control center/Type of node manager/XmlRootFolder', NULL, 0, 0),
(6236, 5020, 5008, 'Add multiple HTML files', NULL, NULL, NULL, NULL, NULL, NULL, NULL, '/Ximdex/Control center/Type of node manager/ImportRootFolder', NULL, 0, 0),
(6510, 5020, 5008, 'Export a complete ximclude folder', NULL, NULL, NULL, NULL, NULL, NULL, NULL, '/Ximdex/Control center/Type of node manager/ImportRootFolder', NULL, 0, 0),
(6018, 5020, 5008, 'Add import folder', NULL, NULL, NULL, NULL, NULL, NULL, NULL, '/Ximdex/Control center/Type of node manager/ImportRootFolder', NULL, 0, 0),
(6560, 5020, 5008, 'Import a complete ximclude folder', NULL, NULL, NULL, NULL, NULL, NULL, NULL, '/Ximdex/Control center/Type of node manager/ImportRootFolder', NULL, 0, 0),
(6609, 5020, 5008, 'Copy a complete ximclude folder', NULL, NULL, NULL, NULL, NULL, NULL, NULL, '/Ximdex/Control center/Type of node manager/ImportRootFolder', NULL, 0, 0),
(6173, 5021, 5008, 'Move node', NULL, NULL, NULL, NULL, NULL, NULL, NULL, '/Ximdex/Control center/Type of node manager/ImportFolder', NULL, 0, 0),
(6511, 5021, 5008, 'Export a ximclude subfolder', NULL, NULL, NULL, NULL, NULL, NULL, NULL, '/Ximdex/Control center/Type of node manager/ImportFolder', NULL, 0, 0),
(6019, 5021, 5008, 'Add import folder', NULL, NULL, NULL, NULL, NULL, NULL, NULL, '/Ximdex/Control center/Type of node manager/ImportFolder', NULL, 0, 0),
(6030, 5021, 5008, 'Change name', NULL, NULL, NULL, NULL, NULL, NULL, NULL, '/Ximdex/Control center/Type of node manager/ImportFolder', NULL, 0, 0),
(6039, 5021, 5008, 'Delete folder', NULL, NULL, NULL, NULL, NULL, NULL, NULL, '/Ximdex/Control center/Type of node manager/ImportFolder', NULL, 0, 0),
(6561, 5021, 5008, 'Import a ximclude subfolder', NULL, NULL, NULL, NULL, NULL, NULL, NULL, '/Ximdex/Control center/Type of node manager/ImportFolder', NULL, 0, 0),
(6610, 5021, 5008, 'Copy a ximclude subfolder', NULL, NULL, NULL, NULL, NULL, NULL, NULL, '/Ximdex/Control center/Type of node manager/ImportFolder', NULL, 0, 0),
(6504, 5022, 5008, 'Export a complete common folder', NULL, NULL, NULL, NULL, NULL, NULL, NULL, '/Ximdex/Control center/Type of node manager/CommonRootFolder', NULL, 0, 0),
(6020, 5022, 5008, 'Add common folder', NULL, NULL, NULL, NULL, NULL, NULL, NULL, '/Ximdex/Control center/Type of node manager/CommonRootFolder', NULL, 0, 0),
(6554, 5022, 5008, 'Import a complete common folder', NULL, NULL, NULL, NULL, NULL, NULL, NULL, '/Ximdex/Control center/Type of node manager/CommonRootFolder', NULL, 0, 0),
(6346, 5022, 5008, 'Add files', NULL, NULL, NULL, NULL, NULL, NULL, NULL, '/Ximdex/Control center/Type of node manager/CommonRootFolder', NULL, 0, 0),
(6603, 5022, 5008, 'Copy a complete common folder', NULL, NULL, NULL, NULL, NULL, NULL, NULL, '/Ximdex/Control center/Type of node manager/CommonRootFolder', NULL, 0, 0),
(6174, 5023, 5008, 'Move node', NULL, NULL, NULL, NULL, NULL, NULL, NULL, '/Ximdex/Control center/Type of node manager/CommonFolder', NULL, 0, 0),
(6505, 5023, 5008, 'Export a common subfolder', NULL, NULL, NULL, NULL, NULL, NULL, NULL, '/Ximdex/Control center/Type of node manager/CommonFolder', NULL, 0, 0),
(6021, 5023, 5008, 'Add common folder', NULL, NULL, NULL, NULL, NULL, NULL, NULL, '/Ximdex/Control center/Type of node manager/CommonFolder', NULL, 0, 0),
(6031, 5023, 5008, 'Change name', NULL, NULL, NULL, NULL, NULL, NULL, NULL, '/Ximdex/Control center/Type of node manager/CommonFolder', NULL, 0, 0),
(6040, 5023, 5008, 'Delete folder', NULL, NULL, NULL, NULL, NULL, NULL, NULL, '/Ximdex/Control center/Type of node manager/CommonFolder', NULL, 0, 0),
(6555, 5023, 5008, 'Import a common subfolder', NULL, NULL, NULL, NULL, NULL, NULL, NULL, '/Ximdex/Control center/Type of node manager/CommonFolder', NULL, 0, 0),
(6347, 5023, 5008, 'Add files', NULL, NULL, NULL, NULL, NULL, NULL, NULL, '/Ximdex/Control center/Type of node manager/CommonFolder', NULL, 0, 0),
(6604, 5023, 5008, 'Copy a common subfolder', NULL, NULL, NULL, NULL, NULL, NULL, NULL, '/Ximdex/Control center/Type of node manager/CommonFolder', NULL, 0, 0),
(6506, 5024, 5008, 'Export a complete CSS folder', NULL, NULL, NULL, NULL, NULL, NULL, NULL, '/Ximdex/Control center/Type of node manager/CssRootFolder', NULL, 0, 0),
(6022, 5024, 5008, 'Add CSS folder', NULL, NULL, NULL, NULL, NULL, NULL, NULL, '/Ximdex/Control center/Type of node manager/CssRootFolder', NULL, 0, 0),
(6556, 5024, 5008, 'Import a complete CSS folder', NULL, NULL, NULL, NULL, NULL, NULL, NULL, '/Ximdex/Control center/Type of node manager/CssRootFolder', NULL, 0, 0),
(6348, 5024, 5008, 'Add style sheets', NULL, NULL, NULL, NULL, NULL, NULL, NULL, '/Ximdex/Control center/Type of node manager/CssRootFolder', NULL, 0, 0),
(6605, 5024, 5008, 'Copy a complete CSS folder', NULL, NULL, NULL, NULL, NULL, NULL, NULL, '/Ximdex/Control center/Type of node manager/CssRootFolder', NULL, 0, 0),
(6507, 5025, 5008, 'Export a CSS subfolder', NULL, NULL, NULL, NULL, NULL, NULL, NULL, '/Ximdex/Control center/Type of node manager/CssFolder', NULL, 0, 0),
(6023, 5025, 5008, 'Add CSS folder', NULL, NULL, NULL, NULL, NULL, NULL, NULL, '/Ximdex/Control center/Type of node manager/CssFolder', NULL, 0, 0),
(6032, 5025, 5008, 'Change name', NULL, NULL, NULL, NULL, NULL, NULL, NULL, '/Ximdex/Control center/Type of node manager/CssFolder', NULL, 0, 0),
(6041, 5025, 5008, 'Delete folder', NULL, NULL, NULL, NULL, NULL, NULL, NULL, '/Ximdex/Control center/Type of node manager/CssFolder', NULL, 0, 0),
(6557, 5025, 5008, 'Import a CSS subfolder', NULL, NULL, NULL, NULL, NULL, NULL, NULL, '/Ximdex/Control center/Type of node manager/CssFolder', NULL, 0, 0),
(6349, 5025, 5008, 'Add style Sheets', NULL, NULL, NULL, NULL, NULL, NULL, NULL, '/Ximdex/Control center/Type of node manager/CssFolder', NULL, 0, 0),
(6606, 5025, 5008, 'Copy a CSS subfolder', NULL, NULL, NULL, NULL, NULL, NULL, NULL, '/Ximdex/Control center/Type of node manager/CssFolder', NULL, 0, 0),
(6520, 5026, 5008, 'Export a complete template', NULL, NULL, NULL, NULL, NULL, NULL, NULL, '/Ximdex/Control center/Type of node manager/TemplatesRootFolder', NULL, 0, 0),
(6570, 5026, 5008, 'Import a complete template', NULL, NULL, NULL, NULL, NULL, NULL, NULL, '/Ximdex/Control center/Type of node manager/TemplatesRootFolder', NULL, 0, 0),
(8121, 5026, 5008, 'Delete templates', NULL, NULL, NULL, NULL, NULL, NULL, NULL, '/Ximdex/Control center/Type of node manager/TemplatesRootFolder', NULL, 0, 0),
(6345, 5026, 5008, 'Add template', NULL, NULL, NULL, NULL, NULL, NULL, NULL, '/Ximdex/Control center/Type of node manager/TemplatesRootFolder', NULL, 0, 0),
(6622, 5026, 5008, 'Copy a complete template', NULL, NULL, NULL, NULL, NULL, NULL, NULL, '/Ximdex/Control center/Type of node manager/TemplatesRootFolder', NULL, 0, 0),
(6146, 5028, 5008, 'Version manager', NULL, NULL, NULL, NULL, NULL, NULL, NULL, '/Ximdex/Control center/Type of node manager/CssFile', NULL, 0, 0),
(6175, 5028, 5008, 'Move node', NULL, NULL, NULL, NULL, NULL, NULL, NULL, '/Ximdex/Control center/Type of node manager/CssFile', NULL, 0, 0),
(6103, 5028, 5008, 'Change name', NULL, NULL, NULL, NULL, NULL, NULL, NULL, '/Ximdex/Control center/Type of node manager/CssFile', NULL, 0, 0),
(6104, 5028, 5008, 'Download file', NULL, NULL, NULL, NULL, NULL, NULL, NULL, '/Ximdex/Control center/Type of node manager/CssFile', NULL, 0, 0),
(6105, 5028, 5008, 'Edit', NULL, NULL, NULL, NULL, NULL, NULL, NULL, '/Ximdex/Control center/Type of node manager/CssFile', NULL, 0, 0),
(6106, 5028, 5008, 'Delete', NULL, NULL, NULL, NULL, NULL, NULL, NULL, '/Ximdex/Control center/Type of node manager/CssFile', NULL, 0, 0),
(6629, 5028, 5008, 'Copy a style sheet', NULL, NULL, NULL, NULL, NULL, NULL, NULL, '/Ximdex/Control center/Type of node manager/CssFile', NULL, 0, 0),
(6132, 5028, 5008, 'Move to next state', NULL, NULL, NULL, NULL, NULL, NULL, NULL, '/Ximdex/Control center/Type of node manager/CssFile', NULL, 0, 0),
(6133, 5028, 5008, 'Move to previous state', NULL, NULL, NULL, NULL, NULL, NULL, NULL, '/Ximdex/Control center/Type of node manager/CssFile', NULL, 0, 0),
(6048, 5029, 5008, 'Add Channel', NULL, NULL, NULL, NULL, NULL, NULL, NULL, '/Ximdex/Control center/Type of node manager/ChannelManager', NULL, 0, 0),
(6047, 5030, 5008, 'Add language', NULL, NULL, NULL, NULL, NULL, NULL, NULL, '/Ximdex/Control center/Type of node manager/LanguageManager', NULL, 0, 0),
(6176, 5031, 5008, 'Move node', NULL, NULL, NULL, NULL, NULL, NULL, NULL, '/Ximdex/Control center/Type of node manager/XmlContainer', NULL, 0, 0),
(6513, 5031, 5008, 'Export a XML document', NULL, NULL, NULL, NULL, NULL, NULL, NULL, '/Ximdex/Control center/Type of node manager/XmlContainer', NULL, 0, 0),
(6045, 5031, 5008, 'Add language', NULL, NULL, NULL, NULL, NULL, NULL, NULL, '/Ximdex/Control center/Type of node manager/XmlContainer', NULL, 0, 0),
(6563, 5031, 5008, 'Import a XML document', NULL, NULL, NULL, NULL, NULL, NULL, NULL, '/Ximdex/Control center/Type of node manager/XmlContainer', NULL, 0, 0),
(6063, 5031, 5008, 'Delete document', NULL, NULL, NULL, NULL, NULL, NULL, NULL, '/Ximdex/Control center/Type of node manager/XmlContainer', NULL, 0, 0),
(6064, 5031, 5008, 'Change XML', NULL, NULL, NULL, NULL, NULL, NULL, NULL, '/Ximdex/Control center/Type of node manager/XmlContainer', NULL, 0, 0),
(6612, 5031, 5008, 'Copy a XML document', NULL, NULL, NULL, NULL, NULL, NULL, NULL, '/Ximdex/Control center/Type of node manager/XmlContainer', NULL, 0, 0),
(6065, 5032, 5008, 'Edit XML', NULL, NULL, NULL, NULL, NULL, NULL, NULL, '/Ximdex/Control center/Type of node manager/XmlDocument', NULL, 0, 0),
(6098, 5032, 5008, 'Move to next state', NULL, NULL, NULL, NULL, NULL, NULL, NULL, '/Ximdex/Control center/Type of node manager/XmlDocument', NULL, 0, 0),
(6099, 5032, 5008, 'Move to previous state', NULL, NULL, NULL, NULL, NULL, NULL, NULL, '/Ximdex/Control center/Type of node manager/XmlDocument', NULL, 0, 0),
(6100, 5032, 5008, 'Publish advance', NULL, NULL, NULL, NULL, NULL, NULL, NULL, '/Ximdex/Control center/Type of node manager/XmlDocument', NULL, 0, 0),
(6117, 5032, 5008, 'Generate', NULL, NULL, NULL, NULL, NULL, NULL, NULL, '/Ximdex/Control center/Type of node manager/XmlDocument', NULL, 0, 0),
(6385, 5032, 5008, 'Preview', NULL, NULL, NULL, NULL, NULL, NULL, NULL, '/Ximdex/Control center/Type of node manager/XmlDocument', NULL, 0, 0),
(6134, 5032, 5008, 'Delete document', NULL, NULL, NULL, NULL, NULL, NULL, NULL, '/Ximdex/Control center/Type of node manager/XmlDocument', NULL, 0, 0),
(6135, 5032, 5008, 'Symbolic link', NULL, NULL, NULL, NULL, NULL, NULL, NULL, '/Ximdex/Control center/Type of node manager/XmlDocument', NULL, 0, 0),
(6136, 5032, 5008, 'Edit in text mode', NULL, NULL, NULL, NULL, NULL, NULL, NULL, '/Ximdex/Control center/Type of node manager/XmlDocument', NULL, 0, 0),
(6143, 5032, 5008, 'Version manager', NULL, NULL, NULL, NULL, NULL, NULL, NULL, '/Ximdex/Control center/Type of node manager/XmlDocument', NULL, 0, 0),
(7234, 5033, 5008, 'Associate projects with channel', NULL, NULL, NULL, NULL, NULL, NULL, NULL, '/Ximdex/Control center/Type of node manager/Channel', NULL, 0, 0),
(6095, 5033, 5008, 'Channel properties', NULL, NULL, NULL, NULL, NULL, NULL, NULL, '/Ximdex/Control center/Type of node manager/Channel', NULL, 0, 0),
(6107, 5033, 5008, 'Delete channel', NULL, NULL, NULL, NULL, NULL, NULL, NULL, '/Ximdex/Control center/Type of node manager/Channel', NULL, 0, 0),
(7232, 5034, 5008, 'Associate projects with language', NULL, NULL, NULL, NULL, NULL, NULL, NULL, '/Ximdex/Control center/Type of node manager/Language', NULL, 0, 0),
(6097, 5034, 5008, 'Modify language', NULL, NULL, NULL, NULL, NULL, NULL, NULL, '/Ximdex/Control center/Type of node manager/Language', NULL, 0, 0),
(6102, 5034, 5008, 'Delete', NULL, NULL, NULL, NULL, NULL, NULL, NULL, '/Ximdex/Control center/Type of node manager/Language', NULL, 0, 0),
(6046, 5035, 5008, 'Manage status', NULL, NULL, NULL, NULL, NULL, NULL, NULL, '/Ximdex/Control center/Type of node manager/WorkflowManager', NULL, 0, 0),
(6082, 5036, 5008, 'Modify associated roles', NULL, NULL, NULL, NULL, NULL, NULL, NULL, '/Ximdex/Control center/Type of node manager/WorkflowState', NULL, 0, 0),
(6121, 5036, 5008, 'Delete', NULL, NULL, NULL, NULL, NULL, NULL, NULL, '/Ximdex/Control center/Type of node manager/WorkflowState', NULL, 0, 0),
(6342, 5037, 5008, 'Move to previous state', NULL, NULL, NULL, NULL, NULL, NULL, NULL, '/Ximdex/Control center/Type of node manager/PermissionManager', NULL, 0, 0),
(6148, 5039, 5008, 'Version manager', NULL, NULL, NULL, NULL, NULL, NULL, NULL, '/Ximdex/Control center/Type of node manager/TextFile', NULL, 0, 0),
(6177, 5039, 5008, 'Move node', NULL, NULL, NULL, NULL, NULL, NULL, NULL, '/Ximdex/Control center/Type of node manager/TextFile', NULL, 0, 0),
(6051, 5039, 5008, 'Download file', NULL, NULL, NULL, NULL, NULL, NULL, NULL, '/Ximdex/Control center/Type of node manager/TextFile', NULL, 0, 0),
(6087, 5039, 5008, 'Change name', NULL, NULL, NULL, NULL, NULL, NULL, NULL, '/Ximdex/Control center/Type of node manager/TextFile', NULL, 0, 0),
(6088, 5039, 5008, 'Delete', NULL, NULL, NULL, NULL, NULL, NULL, NULL, '/Ximdex/Control center/Type of node manager/TextFile', NULL, 0, 0),
(6094, 5039, 5008, 'Edit file', NULL, NULL, NULL, NULL, NULL, NULL, NULL, '/Ximdex/Control center/Type of node manager/TextFile', NULL, 0, 0),
(6626, 5039, 5008, 'Copy a text file', NULL, NULL, NULL, NULL, NULL, NULL, NULL, '/Ximdex/Control center/Type of node manager/TextFile', NULL, 0, 0),
(6126, 5039, 5008, 'Move to next state', NULL, NULL, NULL, NULL, NULL, NULL, NULL, '/Ximdex/Control center/Type of node manager/TextFile', NULL, 0, 0),
(6127, 5039, 5008, 'Move to previous state', NULL, NULL, NULL, NULL, NULL, NULL, NULL, '/Ximdex/Control center/Type of node manager/TextFile', NULL, 0, 0),
(6144, 5040, 5008, 'Version manager', NULL, NULL, NULL, NULL, NULL, NULL, NULL, '/Ximdex/Control center/Type of node manager/ImageFile', NULL, 0, 0),
(6168, 5040, 5008, 'Replace image', NULL, NULL, NULL, NULL, NULL, NULL, NULL, '/Ximdex/Control center/Type of node manager/ImageFile', NULL, 0, 0),
(6178, 5040, 5008, 'Move node', NULL, NULL, NULL, NULL, NULL, NULL, NULL, '/Ximdex/Control center/Type of node manager/ImageFile', NULL, 0, 0),
(6050, 5040, 5008, 'Download image', NULL, NULL, NULL, NULL, NULL, NULL, NULL, '/Ximdex/Control center/Type of node manager/ImageFile', NULL, 0, 0),
(6052, 5040, 5008, 'Image preview', NULL, NULL, NULL, NULL, NULL, NULL, NULL, '/Ximdex/Control center/Type of node manager/ImageFile', NULL, 0, 0),
(6085, 5040, 5008, 'Change image name', NULL, NULL, NULL, NULL, NULL, NULL, NULL, '/Ximdex/Control center/Type of node manager/ImageFile', NULL, 0, 0),
(6086, 5040, 5008, 'Delete Image', NULL, NULL, NULL, NULL, NULL, NULL, NULL, '/Ximdex/Control center/Type of node manager/ImageFile', NULL, 0, 0),
(6627, 5040, 5008, 'Copy a binary file', NULL, NULL, NULL, NULL, NULL, NULL, NULL, '/Ximdex/Control center/Type of node manager/ImageFile', NULL, 0, 0),
(6130, 5040, 5008, 'Move to next state', NULL, NULL, NULL, NULL, NULL, NULL, NULL, '/Ximdex/Control center/Type of node manager/ImageFile', NULL, 0, 0),
(6131, 5040, 5008, 'Move to previous state', NULL, NULL, NULL, NULL, NULL, NULL, NULL, '/Ximdex/Control center/Type of node manager/ImageFile', NULL, 0, 0),
(6145, 5041, 5008, 'Version manager', NULL, NULL, NULL, NULL, NULL, NULL, NULL, '/Ximdex/Control center/Type of node manager/BinaryFile', NULL, 0, 0),
(6179, 5041, 5008, 'Move node', NULL, NULL, NULL, NULL, NULL, NULL, NULL, '/Ximdex/Control center/Type of node manager/BinaryFile', NULL, 0, 0),
(6049, 5041, 5008, 'Download file', NULL, NULL, NULL, NULL, NULL, NULL, NULL, '/Ximdex/Control center/Type of node manager/BinaryFile', NULL, 0, 0),
(6083, 5041, 5008, 'Change name', NULL, NULL, NULL, NULL, NULL, NULL, NULL, '/Ximdex/Control center/Type of node manager/BinaryFile', NULL, 0, 0),
(6084, 5041, 5008, 'Delete file', NULL, NULL, NULL, NULL, NULL, NULL, NULL, '/Ximdex/Control center/Type of node manager/BinaryFile', NULL, 0, 0),
(6628, 5041, 5008, 'Copy a binary file', NULL, NULL, NULL, NULL, NULL, NULL, NULL, '/Ximdex/Control center/Type of node manager/BinaryFile', NULL, 0, 0),
(6128, 5041, 5008, 'Move to next state', NULL, NULL, NULL, NULL, NULL, NULL, NULL, '/Ximdex/Control center/Type of node manager/BinaryFile', NULL, 0, 0),
(6129, 5041, 5008, 'Move to previous state', NULL, NULL, NULL, NULL, NULL, NULL, NULL, '/Ximdex/Control center/Type of node manager/BinaryFile', NULL, 0, 0),
(6181, 5048, 5008, 'Move node', NULL, NULL, NULL, NULL, NULL, NULL, NULL, '/Ximdex/Control center/Type of node manager/LinkFolder', NULL, 0, 0),
(7229, 5048, 5008, 'Check links', NULL, NULL, NULL, NULL, NULL, NULL, NULL, '/Ximdex/Control center/Type of node manager/LinkFolder', NULL, 0, 0),
(6503, 5048, 5008, 'Export a link folder', NULL, NULL, NULL, NULL, NULL, NULL, NULL, '/Ximdex/Control center/Type of node manager/LinkFolder', NULL, 0, 0),
(6553, 5048, 5008, 'Import a complete link folder', NULL, NULL, NULL, NULL, NULL, NULL, NULL, '/Ximdex/Control center/Type of node manager/LinkFolder', NULL, 0, 0),
(6070, 5048, 5008, 'Add category', NULL, NULL, NULL, NULL, NULL, NULL, NULL, '/Ximdex/Control center/Type of node manager/LinkFolder', NULL, 0, 0),
(6072, 5048, 5008, 'Add external link', NULL, NULL, NULL, NULL, NULL, NULL, NULL, '/Ximdex/Control center/Type of node manager/LinkFolder', NULL, 0, 0),
(6602, 5048, 5008, 'Copy a link folder', NULL, NULL, NULL, NULL, NULL, NULL, NULL, '/Ximdex/Control center/Type of node manager/LinkFolder', NULL, 0, 0),
(6118, 5048, 5008, 'Change name', NULL, NULL, NULL, NULL, NULL, NULL, NULL, '/Ximdex/Control center/Type of node manager/LinkFolder', NULL, 0, 0),
(6119, 5048, 5008, 'Delete folder', NULL, NULL, NULL, NULL, NULL, NULL, NULL, '/Ximdex/Control center/Type of node manager/LinkFolder', NULL, 0, 0),
(6182, 5049, 5008, 'Move node', NULL, NULL, NULL, NULL, NULL, NULL, NULL, '/Ximdex/Control center/Type of node manager/Link', NULL, 0, 0),
(6073, 5049, 5008, 'Edit properties', NULL, NULL, NULL, NULL, NULL, NULL, NULL, '/Ximdex/Control center/Type of node manager/Link', NULL, 0, 0),
(6616, 5049, 5008, 'Copy a link', NULL, NULL, NULL, NULL, NULL, NULL, NULL, '/Ximdex/Control center/Type of node manager/Link', NULL, 0, 0),
(6120, 5049, 5008, 'Delete link', NULL, NULL, NULL, NULL, NULL, NULL, NULL, '/Ximdex/Control center/Type of node manager/Link', NULL, 0, 0),
(7231, 5050, 5008, 'Check links', NULL, NULL, NULL, NULL, NULL, NULL, NULL, '/Ximdex/Control center/Type of node manager/LinkManager', NULL, 0, 0),
(6502, 5050, 5008, 'Export a link', NULL, NULL, NULL, NULL, NULL, NULL, NULL, '/Ximdex/Control center/Type of node manager/LinkManager', NULL, 0, 0),
(6552, 5050, 5008, 'Import a link', NULL, NULL, NULL, NULL, NULL, NULL, NULL, '/Ximdex/Control center/Type of node manager/LinkManager', NULL, 0, 0),
(6069, 5050, 5008, 'Add category', NULL, NULL, NULL, NULL, NULL, NULL, NULL, '/Ximdex/Control center/Type of node manager/LinkManager', NULL, 0, 0),
(6071, 5050, 5008, 'Add external link', NULL, NULL, NULL, NULL, NULL, NULL, NULL, '/Ximdex/Control center/Type of node manager/LinkManager', NULL, 0, 0),
(6601, 5050, 5008, 'Copy a link', NULL, NULL, NULL, NULL, NULL, NULL, NULL, '/Ximdex/Control center/Type of node manager/LinkManager', NULL, 0, 0),
(6519, 5053, 5008, 'Export a complete schema', NULL, NULL, NULL, NULL, NULL, NULL, NULL, '/Ximdex/Control center/Type of node manager/TemplateViewFolder', NULL, 0, 0),
(6569, 5053, 5008, 'Import a complete schema', NULL, NULL, NULL, NULL, NULL, NULL, NULL, '/Ximdex/Control center/Type of node manager/TemplateViewFolder', NULL, 0, 0),
(6621, 5053, 5008, 'Copy a complete schema', NULL, NULL, NULL, NULL, NULL, NULL, NULL, '/Ximdex/Control center/Type of node manager/TemplateViewFolder', NULL, 0, 0),
(6514, 5054, 5008, 'Export a complete ximlet folder', NULL, NULL, NULL, NULL, NULL, NULL, NULL, '/Ximdex/Control center/Type of node manager/XimletRootFolder', NULL, 0, 0),
(6564, 5054, 5008, 'Import a complete ximlet folder', NULL, NULL, NULL, NULL, NULL, NULL, NULL, '/Ximdex/Control center/Type of node manager/XimletRootFolder', NULL, 0, 0),
(6613, 5054, 5008, 'Copy a complete ximlet folder', NULL, NULL, NULL, NULL, NULL, NULL, NULL, '/Ximdex/Control center/Type of node manager/XimletRootFolder', NULL, 0, 0),
(6137, 5054, 5008, 'Add new ximlet folder', NULL, NULL, NULL, NULL, NULL, NULL, NULL, '/Ximdex/Control center/Type of node manager/XimletRootFolder', NULL, 0, 0),
(6138, 5054, 5008, 'Add new ximlet', NULL, NULL, NULL, NULL, NULL, NULL, NULL, '/Ximdex/Control center/Type of node manager/XimletRootFolder', NULL, 0, 0),
(6515, 5055, 5008, 'Export a ximlet subfolder', NULL, NULL, NULL, NULL, NULL, NULL, NULL, '/Ximdex/Control center/Type of node manager/XimletFolder', NULL, 0, 0),
(6565, 5055, 5008, 'Import a ximlet subfolder', NULL, NULL, NULL, NULL, NULL, NULL, NULL, '/Ximdex/Control center/Type of node manager/XimletFolder', NULL, 0, 0),
(6614, 5055, 5008, 'Copy a ximlet subfolder', NULL, NULL, NULL, NULL, NULL, NULL, NULL, '/Ximdex/Control center/Type of node manager/XimletFolder', NULL, 0, 0),
(6139, 5055, 5008, 'Add new ximlet folder', NULL, NULL, NULL, NULL, NULL, NULL, NULL, '/Ximdex/Control center/Type of node manager/XimletFolder', NULL, 0, 0),
(6140, 5055, 5008, 'Add new ximlet', NULL, NULL, NULL, NULL, NULL, NULL, NULL, '/Ximdex/Control center/Type of node manager/XimletFolder', NULL, 0, 0),
(6141, 5055, 5008, 'Delete folder', NULL, NULL, NULL, NULL, NULL, NULL, NULL, '/Ximdex/Control center/Type of node manager/XimletFolder', NULL, 0, 0),
(6142, 5055, 5008, 'Change name', NULL, NULL, NULL, NULL, NULL, NULL, NULL, '/Ximdex/Control center/Type of node manager/XimletFolder', NULL, 0, 0),
(6151, 5056, 5008, 'Add Language', NULL, NULL, NULL, NULL, NULL, NULL, NULL, '/Ximdex/Control center/Type of node manager/XimletContainer', NULL, 0, 0),
(6152, 5056, 5008, 'Delete ximlet', NULL, NULL, NULL, NULL, NULL, NULL, NULL, '/Ximdex/Control center/Type of node manager/XimletContainer', NULL, 0, 0),
(6153, 5056, 5008, 'Change ximlet name', NULL, NULL, NULL, NULL, NULL, NULL, NULL, '/Ximdex/Control center/Type of node manager/XimletContainer', NULL, 0, 0),
(6183, 5056, 5008, 'Move node', NULL, NULL, NULL, NULL, NULL, NULL, NULL, '/Ximdex/Control center/Type of node manager/XimletContainer', NULL, 0, 0),
(6516, 5056, 5008, 'Export a ximlet document', NULL, NULL, NULL, NULL, NULL, NULL, NULL, '/Ximdex/Control center/Type of node manager/XimletContainer', NULL, 0, 0),
(6566, 5056, 5008, 'Import a ximlet document', NULL, NULL, NULL, NULL, NULL, NULL, NULL, '/Ximdex/Control center/Type of node manager/XimletContainer', NULL, 0, 0),
(6615, 5056, 5008, 'Copy a ximlet document', NULL, NULL, NULL, NULL, NULL, NULL, NULL, '/Ximdex/Control center/Type of node manager/XimletContainer', NULL, 0, 0),
(6150, 5057, 5008, 'Version manager', NULL, NULL, NULL, NULL, NULL, NULL, NULL, '/Ximdex/Control center/Type of node manager/Ximlet', NULL, 0, 0),
(6154, 5057, 5008, 'Edit ximlet', NULL, NULL, NULL, NULL, NULL, NULL, NULL, '/Ximdex/Control center/Type of node manager/Ximlet', NULL, 0, 0),
(6155, 5057, 5008, 'Delete document', NULL, NULL, NULL, NULL, NULL, NULL, NULL, '/Ximdex/Control center/Type of node manager/Ximlet', NULL, 0, 0),
(6156, 5057, 5008, 'Symbolic link', NULL, NULL, NULL, NULL, NULL, NULL, NULL, '/Ximdex/Control center/Type of node manager/Ximlet', NULL, 0, 0),
(6157, 5057, 5008, 'Edit in text mode', NULL, NULL, NULL, NULL, NULL, NULL, NULL, '/Ximdex/Control center/Type of node manager/Ximlet', NULL, 0, 0),
(7236, 5057, 5008, 'Manage associations', NULL, NULL, NULL, NULL, NULL, NULL, NULL, '/Ximdex/Control center/Type of node manager/Ximlet', NULL, 0, 0),
(6617, 5057, 5008, 'Copy a ximlet', NULL, NULL, NULL, NULL, NULL, NULL, NULL, '/Ximdex/Control center/Type of node manager/Ximlet', NULL, 0, 0),
(6227, 5076, 5008, 'Edit file', NULL, NULL, NULL, NULL, NULL, NULL, NULL, '/Ximdex/Control center/Type of node manager/NodeHt', NULL, 0, 0),
(6228, 5076, 5008, 'Download file', NULL, NULL, NULL, NULL, NULL, NULL, NULL, '/Ximdex/Control center/Type of node manager/NodeHt', NULL, 0, 0);
INSERT INTO `Nodes` (`IdNode`, `IdParent`, `IdNodeType`, `Name`, `IdState`, `BlockTime`, `BlockUser`, `CreationDate`, `ModificationDate`, `Description`, `SharedWorkflow`, `Path`, `ActiveNF`, `sortorder`, `deleted`) VALUES
(6229, 5076, 5008, 'HTML editor', NULL, NULL, NULL, NULL, NULL, NULL, NULL, '/Ximdex/Control center/Type of node manager/NodeHt', NULL, 0, 0),
(6230, 5076, 5008, 'Change name', NULL, NULL, NULL, NULL, NULL, NULL, NULL, '/Ximdex/Control center/Type of node manager/NodeHt', NULL, 0, 0),
(6231, 5076, 5008, 'Version manager', NULL, NULL, NULL, NULL, NULL, NULL, NULL, '/Ximdex/Control center/Type of node manager/NodeHt', NULL, 0, 0),
(6232, 5076, 5008, 'Delete', NULL, NULL, NULL, NULL, NULL, NULL, NULL, '/Ximdex/Control center/Type of node manager/NodeHt', NULL, 0, 0),
(6233, 5076, 5008, 'Move node', NULL, NULL, NULL, NULL, NULL, NULL, NULL, '/Ximdex/Control center/Type of node manager/NodeHt', NULL, 0, 0),
(6234, 5076, 5008, 'Replace file', NULL, NULL, NULL, NULL, NULL, NULL, NULL, '/Ximdex/Control center/Type of node manager/NodeHt', NULL, 0, 0),
(8122, 10000, 5080, 'Modules', NULL, NULL, NULL, NULL, NULL, NULL, NULL, '/Ximdex/Projects', NULL, 0, 0),
(8123, 8122, 5081, 'ximIO', NULL, NULL, NULL, NULL, NULL, NULL, NULL, '/Ximdex/Projects/Modules', NULL, 0, 0),
(8126, 8122, 5081, 'ximSYNC', NULL, NULL, NULL, NULL, NULL, NULL, NULL, '/Ximdex/Projects/Modules', NULL, 0, 0),
(8128, 8122, 5081, 'ximTOUR', NULL, NULL, NULL, NULL, NULL, NULL, NULL, '/Ximdex/Projects/Modules', NULL, 0, 0),
(8129, 8122, 5081, 'Xowl', NULL, NULL, NULL, NULL, NULL, NULL, NULL, '/Ximdex/Projects/Modules', NULL, 0, 0),
(8130, 8122, 5081, 'XSparrow', NULL, NULL, NULL, NULL, NULL, NULL, NULL, '/Ximdex/Projects/Modules', NULL, 0, 0);

--
-- Table data for `Workflow`
--

INSERT INTO `Workflow` (`id`, `name`, `description`, `master`) VALUES
(403, 'Structured', 'Structured documents', 1),
(404, 'Common', 'Common documents', 0);

--
-- Table data for `NodeTypes`
--

INSERT INTO `NodeTypes` (`IdNodeType`, `Name`, `Class`, `Icon`, `Description`, `IsRenderizable`, `HasFSEntity`, `CanAttachGroups`, `IsSection`, `IsFolder`, `IsVirtualFolder`, `IsPlainFile`, `IsStructuredDocument`, `IsPublishable`, `IsHidden`, `CanDenyDeletion`, `isGenerator`, `IsEnriching`, `System`, `Module`, `workflowId`, `HasMetadata`) VALUES
(5001, 'Root', 'root', 'root', 'Root node of Ximdex', 1, 0, 0, 0, 0, 1, 0, 0, 0, 0, 0, 0, 0, 1, NULL, NULL, 0),
(5002, 'ControlCenter', 'root', 'controlcenter', 'Ximdex control center', 0, 0, 1, 0, 1, 0, 0, 0, 0, 0, 0, 0, 0, 1, NULL, NULL, 0),
(5003, 'UserManager', 'root', 'user', 'User manager', 0, 0, 0, 0, 1, 0, 0, 0, 0, 0, 0, 0, 0, 1, NULL, NULL, 0),
(5004, 'GroupManager', 'root', 'group', 'Group manager', 0, 0, 0, 0, 1, 0, 0, 0, 0, 0, 0, 0, 0, 1, NULL, NULL, 0),
(5005, 'RoleManager', 'root', 'rol', 'Roles manager', 0, 0, 0, 0, 1, 0, 0, 0, 0, 0, 0, 0, 0, 1, NULL, NULL, 0),
(5006, 'NodeTypeManager', 'root', 'nodetype', 'Type of node manager', 0, 0, 0, 0, 1, 0, 0, 0, 0, 0, 0, 0, 0, 1, NULL, NULL, 0),
(5007, 'NodeType', 'nodetypenode', 'nodetype', 'Definition of node type of Ximdex', 0, 0, 0, 0, 0, 0, 0, 0, 0, 0, 0, 0, 0, 1, NULL, NULL, 0),
(5008, 'Action', 'actionnode', 'action', 'Action run on node type of Ximdex', 0, 0, 0, 0, 0, 0, 0, 0, 0, 0, 0, 0, 0, 1, NULL, NULL, 0),
(5009, 'User', 'usernode', 'user', 'Ximdex user', 0, 0, 0, 0, 0, 0, 0, 0, 0, 0, 0, 0, 0, 1, NULL, NULL, 0),
(5010, 'Role', 'rolenode', 'rol', 'Role on user group of Ximdex', 0, 0, 0, 0, 0, 0, 0, 0, 0, 0, 0, 0, 0, 1, NULL, NULL, 0),
(5011, 'Group', 'groupnode', 'group', 'User group of Ximdex', 0, 0, 0, 0, 0, 0, 0, 0, 0, 0, 0, 0, 0, 1, NULL, NULL, 0),
(5012, 'Projects', 'projects', 'projects', 'Root of Ximdex projects', 1, 0, 1, 0, 1, 1, 0, 0, 0, 0, 1, 0, 0, 1, NULL, NULL, 0),
(5013, 'Project', 'foldernode', 'nodetype', 'Ximdex project', 1, 1, 1, 0, 0, 1, 0, 0, 0, 0, 0, 0, 0, 0, NULL, NULL, 0),
(5014, 'Server', 'servernode', 'server', 'Content server of Ximdex', 1, 1, 1, 1, 1, 1, 0, 0, 1, 0, 0, 0, 0, 0, NULL, NULL, 0),
(5015, 'Section', 'sectionnode', 'folder', 'Ximdex section', 1, 1, 1, 1, 1, 0, 0, 0, 1, 0, 0, 0, 0, 0, NULL, NULL, 0),
(5016, 'ImagesRootFolder', 'foldernode', 'folder_images', 'Root of image folder', 1, 1, 0, 0, 1, 0, 0, 0, 1, 0, 1, 0, 0, 1, NULL, NULL, 0),
(5017, 'ImagesFolder', 'foldernode', 'folder_images', 'Image folder', 1, 1, 0, 0, 1, 0, 0, 0, 1, 0, 0, 0, 0, 1, NULL, NULL, 0),
(5018, 'XmlRootFolder', 'foldernode', 'folder_xml', 'Root of documents folder', 1, 1, 0, 0, 1, 1, 0, 0, 0, 0, 1, 0, 0, 1, NULL, NULL, 0),
(5019, 'MetadataManager', 'root', 'metadata', 'Metadata manager', 0, 0, 0, 0, 1, 0, 0, 0, 0, 0, 0, 0, 0, 1, NULL, NULL, 0),
(5020, 'ImportRootFolder', 'foldernode', 'folder_import', 'Root of import folder', 1, 1, 0, 0, 1, 0, 0, 0, 0, 0, 1, 0, 0, 1, NULL, NULL, 0),
(5021, 'ImportFolder', 'foldernode', 'folder_import', 'Import folder', 1, 1, 0, 0, 1, 0, 0, 0, 0, 0, 0, 0, 0, 1, NULL, NULL, 0),
(5022, 'CommonRootFolder', 'foldernode', 'folder_common', 'Root of common folder', 1, 1, 0, 0, 1, 0, 0, 0, 1, 0, 1, 0, 0, 1, NULL, NULL, 0),
(5023, 'CommonFolder', 'foldernode', 'folder_common', 'Common folder', 1, 1, 0, 0, 1, 0, 0, 0, 1, 0, 0, 0, 0, 1, NULL, NULL, 0),
(5024, 'CssRootFolder', 'foldernode', 'folder_css', 'Root of CSS folder', 1, 1, 0, 0, 1, 0, 0, 0, 1, 0, 1, 0, 0, 1, NULL, NULL, 0),
(5025, 'CssFolder', 'foldernode', 'folder_css', 'CSS folder', 1, 1, 0, 0, 1, 0, 0, 0, 1, 0, 0, 0, 0, 1, NULL, NULL, 0),
(5026, 'TemplatesRootFolder', 'foldernode', 'folder_templates', 'Root of template folder', 1, 1, 0, 0, 1, 0, 0, 0, 0, 0, 1, 0, 0, 1, NULL, NULL, 0),
(5028, 'CssFile', 'filenode', 'css_document', 'Style sheet', 1, 1, 0, 0, 0, 0, 1, 0, 1, 0, 0, 0, 0, 0, NULL, 404, 0),
(5029, 'ChannelManager', 'root', 'channel', 'Channel manager', 0, 0, 0, 0, 1, 0, 0, 0, 0, 0, 0, 0, 0, 1, NULL, NULL, 0),
(5030, 'LanguageManager', 'root', 'language', 'Language manager', 0, 0, 0, 0, 1, 0, 0, 0, 0, 0, 0, 0, 0, 1, NULL, NULL, 0),
(5031, 'XmlContainer', 'Xmlcontainernode', 'contenedordoc', 'Container of XML docs', 1, 0, 0, 0, 1, 1, 0, 0, 0, 0, 0, 0, 0, 0, NULL, NULL, 0),
(5032, 'XmlDocument', 'xmldocumentnode', 'doc', 'XML document', 1, 1, 0, 0, 0, 0, 0, 1, 1, 0, 0, 0, 0, 0, NULL, 403, 1),
(5033, 'Channel', 'channelnode', 'channel', 'Channel', 0, 0, 0, 0, 0, 0, 0, 0, 0, 0, 0, 0, 0, 1, NULL, NULL, 0),
(5034, 'Language', 'languagenode', 'language', 'Language', 0, 0, 0, 0, 0, 0, 0, 0, 0, 0, 0, 0, 0, 1, NULL, NULL, 0),
(5035, 'WorkflowManager', 'root', 'workflow', 'Workflow manager', 0, 0, 0, 0, 1, 0, 0, 0, 0, 0, 0, 0, 0, 1, NULL, NULL, 0),
(5036, 'WorkflowState', 'StateNode', 'workflow', 'Workflow status', 0, 0, 0, 0, 0, 0, 0, 0, 0, 0, 0, 0, 0, 1, NULL, NULL, 0),
(5037, 'PermissionManager', 'root', 'permissions', 'Permits manager', 0, 0, 0, 0, 1, 0, 0, 0, 0, 0, 0, 0, 0, 1, NULL, NULL, 0),
(5038, 'Permission', 'root', 'permission', 'Permit', 0, 0, 0, 0, 0, 0, 0, 0, 0, 0, 0, 0, 0, 1, NULL, NULL, 0),
(5039, 'TextFile', 'commonnode', 'text_file', 'Text file', 1, 1, 0, 0, 0, 0, 1, 0, 1, 0, 0, 0, 0, 0, NULL, 404, 0),
(5040, 'ImageFile', 'imagenode', 'image', 'Image file', 1, 1, 0, 0, 0, 0, 1, 0, 1, 0, 0, 0, 0, 0, NULL, 404, 1),
(5041, 'BinaryFile', 'commonnode', 'binary_file', 'Binary file', 1, 1, 0, 0, 0, 0, 1, 0, 1, 0, 0, 0, 0, 0, NULL, 404, 1),
(5042, 'VideoFile', 'VideoNode', 'video', 'Video file', 1, 1, 0, 0, 0, 0, 1, 0, 1, 0, 0, 0, 0, 0, NULL, 404, 0),
(5043, 'ErrorFolder', 'foldernode', 'foldergray', 'Output error folder', 1, 1, 0, 0, 1, 0, 0, 0, 0, 0, 0, 0, 0, 1, NULL, NULL, 0),
(5044, 'ConfigFolder', 'foldernode', 'modulesconfig', 'Container of settings', 0, 0, 0, 0, 1, 0, 0, 0, 0, 0, 0, 0, 0, 1, NULL, NULL, 0),
(5048, 'LinkFolder', 'foldernode', 'folder_links', 'Category of link manager', 0, 0, 0, 0, 1, 0, 0, 0, 0, 0, 0, 0, 0, 1, NULL, NULL, 0),
(5049, 'Link', 'linknode', 'link', 'Ximdex link', 0, 0, 0, 0, 0, 0, 0, 0, 0, 0, 0, 0, 0, 0, NULL, NULL, 0),
(5050, 'LinkManager', 'foldernode', 'folder_links', 'Root of link manager', 0, 0, 0, 0, 1, 0, 0, 0, 0, 0, 1, 0, 0, 1, NULL, NULL, 0),
(5053, 'TemplateViewFolder', 'foldernode', 'folder_template_view', 'Folder of view template', 1, 1, 0, 0, 1, 0, 0, 0, 0, 0, 1, 0, 0, 1, NULL, NULL, 0),
(5054, 'XimletRootFolder', 'foldernode', 'folder_ximlet', 'Root folder of ximlets in sections', 0, 0, 0, 0, 1, 1, 0, 0, 0, 0, 1, 0, 0, 1, NULL, NULL, 0),
(5055, 'XimletFolder', 'foldernode', 'folder_ximlet', 'Ximlets folder', 0, 0, 0, 0, 1, 1, 0, 0, 0, 0, 0, 0, 0, 1, NULL, NULL, 0),
(5056, 'XimletContainer', 'Xmlcontainernode', 'contenedordoc', 'Ximlet container', 0, 0, 0, 0, 1, 1, 0, 0, 0, 0, 0, 0, 0, 0, NULL, NULL, 0),
(5057, 'Ximlet', 'XimletNode', 'doc', 'Ximlet', 0, 0, 0, 0, 0, 0, 0, 1, 1, 0, 0, 0, 0, 0, NULL, 403, 0),
(5058, 'PropertiesManager', 'root', 'folder_system_properties', 'Property manager', 0, 0, 0, 0, 1, 0, 0, 0, 0, 0, 0, 0, 0, 1, NULL, NULL, 0),
(5059, 'Property', 'propertynode', 'property', 'Property', 0, 0, 0, 0, 0, 0, 0, 0, 0, 0, 0, 0, 0, 0, NULL, NULL, 0),
(5060, 'ProjectPropFolder', 'foldernode', 'foldergray', 'Folder of project properties', 0, 0, 0, 0, 1, 0, 0, 0, 0, 0, 0, 0, 0, 0, NULL, NULL, 0),
(5061, 'SystemProperty', 'propertynode', 'property', 'System properties', 0, 0, 0, 0, 1, 0, 0, 0, 0, 0, 0, 0, 0, 1, NULL, NULL, 0),
(5063, 'ProjectDicFolder', 'foldernode', 'folder', 'Folder of project dictionary', 0, 0, 0, 0, 1, 0, 0, 0, 0, 0, 0, 0, 0, 0, NULL, NULL, 0),
(5066, 'DicFolder', 'foldernode', 'foldergray', 'Folder of dictionary values', 0, 0, 0, 0, 0, 0, 0, 0, 0, 0, 0, 0, 0, 0, NULL, NULL, 0),
(5068, 'PropSet', 'foldernode', 'foldergray', 'Folder of property set', 0, 0, 1, 1, 0, 0, 0, 0, 0, 0, 0, 0, 0, 0, NULL, NULL, 0),
(5076, 'NodeHt', 'filenode', 'nodeht_file', 'Html node', 1, 1, 0, 0, 0, 0, 1, 0, 0, 0, 0, 0, 0, 0, NULL, NULL, 0),
(5077, 'XslTemplate', 'xsltnode', 'xml_document', 'Template of XSLT transformation', 1, 1, 0, 0, 0, 0, 1, 0, 0, 0, 0, 0, 0, 0, NULL, NULL, 0),
(5078, 'RngVisualTemplate', 'rngvisualtemplatenode', 'xml_document', 'RNG schema for XML documents', 1, 1, 0, 0, 0, 0, 1, 0, 0, 0, 0, 0, 0, 0, NULL, NULL, 0),
(5079, 'Workflow', 'WorkflowProcess', 'workflow', 'Workflow for documents', 0, 0, 0, 0, 0, 0, 0, 0, 0, 0, 0, 0, 0, 1, '', NULL, 0),
(5080, 'ModulesFolder', 'foldernode', 'modulesconfig', 'Container of module settings', 0, 0, 0, 0, 1, 0, 0, 0, 0, 1, 0, 0, 0, 1, NULL, NULL, 0),
(5081, 'ModuleInfoContainer', 'foldernode', 'modulesconfig', 'Container of a module settings', 0, 0, 0, 0, 0, 0, 0, 0, 0, 0, 0, 0, 0, 1, NULL, NULL, 0),
(5082, 'AllowedExtensions', 'foldernode', 'modulesconfig', 'Allowed extensions', 0, 0, 0, 0, 0, 0, 0, 0, 0, 0, 0, 0, 0, 1, NULL, NULL, 0),
(5090, 'JsRootFolder', 'FolderNode', 'folder_import', 'Root of Javascript folder', 1, 1, 0, 0, 1, 0, 0, 0, 1, 0, 1, 0, 0, 1, NULL, NULL, 0),
(5091, 'JsFolder', 'FolderNode', 'folder_import', 'Javascript folder', 1, 1, 0, 0, 1, 0, 0, 0, 1, 0, 0, 0, 0, 1, NULL, NULL, 0),
(5092, 'JsFile', 'FileNode', 'css_document', 'Java Script document', 1, 1, 0, 0, 0, 0, 1, 0, 1, 0, 0, 0, 0, 0, NULL, 404, 0),
(5100, 'HTMLLayout', 'HTMLLayoutNode', 'xml_document', 'JSON layout schema for HTML documents', 1, 1, 0, 0, 0, 0, 1, 0, 0, 0, 0, 0, 0, 0, NULL, NULL, 0),
(5101, 'HTMLComponentsFolder', 'FolderNode', 'folder_template_view', 'Folder of HTML components', 1, 1, 0, 0, 1, 0, 0, 0, 0, 0, 1, 0, 0, 1, NULL, NULL, 0),
(5103, 'HTMLContainer', 'XmlContainerNode', 'contenedordoc', 'Container of HTML documents', 1, 0, 0, 0, 1, 1, 0, 0, 0, 0, 0, 0, 0, 0, NULL, NULL, 0),
(5104, 'HtmlDocument', 'HTMLDocumentNode', 'doc', 'HTML document', 1, 1, 0, 0, 0, 0, 0, 1, 1, 0, 0, 0, 0, 0, NULL, 403, 1),
(5105, 'HTMLlayoutsFolder', 'FolderNode', 'folder_template_view', 'Folder of HTML layouts', 1, 1, 0, 0, 1, 0, 0, 0, 0, 0, 1, 0, 0, 1, NULL, NULL, 0),
(5106, 'HTMLViewsFolder', 'FolderNode', 'folder_template_view', 'Folder of HTML views', 1, 1, 0, 0, 1, 0, 0, 0, 0, 0, 1, 0, 0, 1, NULL, NULL, 0),
(5107, 'HTMLComponent', 'HTMLComponentNode', 'xml_document', 'JSON component for HTML documents', 1, 1, 0, 0, 0, 0, 1, 0, 0, 0, 0, 0, 0, 0, NULL, NULL, 0),
(5108, 'HTMLView', 'HTMLViewNode', 'xml_document', 'HTML view for HTML documents', 1, 1, 0, 0, 0, 0, 1, 0, 0, 0, 0, 0, 0, 0, NULL, NULL, 0),
(5110, 'XOTFFolder', 'FolderNode', 'folder_common', 'Ximdex On The Fly folder', 1, 1, 0, 0, 1, 0, 0, 0, 1, 0, 1, 0, 0, 1, NULL, NULL, 0),
(5111, 'Sitemap', 'FileNode', 'sitemap_document', 'Sitemap XML', 0, 0, 0, 0, 0, 0, 1, 0, 0, 1, 0, 0, 0, 0, NULL, NULL, 0);

--
-- Table filters `Nodes`
--

ALTER TABLE `Nodes` ADD CONSTRAINT `Nodes_NodeTypes` FOREIGN KEY (`IdNodeType`) REFERENCES `NodeTypes` (`IdNodeType`) ON UPDATE CASCADE;

--
-- Table data for `Actions`
--

INSERT INTO `Actions` (`IdAction`, `IdNodeType`, `Name`, `Command`, `Icon`, `Description`, `Sort`, `Module`, `Multiple`, `Params`, `IsBulk`) VALUES
(6000, NULL, 'Node information', 'infonode', 'add_user.png', 'Shows node info', 1, NULL, 0, '', 0),
(6001, 5003, 'Add new user', 'createuser', 'add_user.png', 'Create a new Ximdex user', 10, NULL, 0, '', 0),
(6002, 5009, 'Modify user data', 'modifyuser', 'modify_user.png', 'Change user data', 60, NULL, 0, '', 0),
(6003, 5009, 'Remove user', 'deleteuser', 'delete_user.png', 'Remove an user from system', 75, NULL, 0, '', 0),
(6004, 5009, 'Manage groups', 'modifyusergroups', 'manage_user_groups.png', 'Enroll, disenroll, and change user role in groups where he/she belongs to', -60, NULL, 0, '', 0),
(6005, 5010, 'Modify role', 'modifyrole', 'modify_rol.png', 'Manage role attributions', 60, NULL, 0, '', 0),
(6006, 5004, 'Add new group', 'creategroup', 'add_group.png', 'Create a new group', 10, NULL, 0, '', 0),
(6007, 5015, 'Configure section', 'managefolders', 'change_name_section.png', 'Configure the folders of a section', 61, NULL, 0, '', 0),
(6008, 5007, 'Modify node type', 'modifynodetype', 'modify_nodetype.png', 'Modify a node type', -60, NULL, 0, '', 0),
(6009, 5006, 'Add node type', 'createnodetype', 'create_type_node.png', 'Add a node type', -10, NULL, 0, '', 0),
(6010, 5005, 'Add new role', 'createrole', 'create_rol.png', 'Create a new role', 10, NULL, 0, '', 0),
(6011, 5012, 'Add project', 'addfoldernode', 'create_proyect.png', 'Create a new node with project type', 11, NULL, 0, '', 0),
(6012, 5013, 'Add new server', 'addfoldernode', 'create_server.png', 'Create a new server', 11, NULL, 0, '', 0),
(6013, 5014, 'Add new section', 'addsectionnode', 'add_section.png', 'Create a new section', 11, NULL, 0, '', 0),
(6014, 5015, 'Add new section', 'addsectionnode', 'add_section.png', 'Create a new section', 11, NULL, 0, '', 0),
(6015, 5016, 'Add new image folder', 'addfoldernode', 'add_folder_images.png', 'Create a new image folder', 11, NULL, 0, '', 0),
(6016, 5017, 'Add new image folder', 'addfoldernode', 'add_folder_images.png', 'Create a new image folder', 11, NULL, 0, '', 0),
(6018, 5020, 'Add ximclude folder', 'addfoldernode', 'add_import.png', 'Create a new import folder', 11, NULL, 0, '', 0),
(6019, 5021, 'Add ximclude folder', 'addfoldernode', 'add_import.png', 'Create a nex import folder', 11, NULL, 0, '', 0),
(6020, 5022, 'Add common folder', 'addfoldernode', 'add_folder_common.png', 'Create a new common folder', 11, NULL, 0, '', 0),
(6021, 5023, 'Add common folder', 'addfoldernode', 'add_folder_common.png', 'Create a new common folder', 11, NULL, 0, '', 0),
(6022, 5024, 'Add CSS folder', 'addfoldernode', 'add_folder_css.png', 'Create a new CSS folder', 11, NULL, 0, '', 0),
(6023, 5025, 'Add CSS folder', 'addfoldernode', 'add_folder_css.png', 'Create a new CSS folder', 11, NULL, 0, '', 0),
(6025, 5015, 'Change section name', 'renamenode', 'change_name_section.png', 'Change a section name', 60, NULL, 0, '', 0),
(6026, 5013, 'Change project name', 'renamenode', 'change_name_proyect.png', 'Change a project name', 60, NULL, 0, '', 0),
(6027, 5014, 'Change server name', 'renamenode', 'change_name_server.png', 'Change a server name', 60, NULL, 0, '', 0),
(6028, 5017, 'Change name', 'renamenode', 'change_name_folder_images.png', 'Change name of selected folder', 61, NULL, 0, '', 0),
(6030, 5021, 'Change name', 'renamenode', 'change_name_folder_import.png', 'Change name of selected folder', 61, NULL, 0, '', 0),
(6031, 5023, 'Change name', 'renamenode', 'change_name_folder_common.png', 'Change name of selected folder', 61, NULL, 0, '', 0),
(6032, 5025, 'Change name', 'renamenode', 'change_name_folder_css.png', 'Change folder name', 61, NULL, 0, '', 0),
(6034, 5013, 'Delete project', 'deletenode', 'delete_proyect.png', 'Delete a project', 75, NULL, 1, '', 0),
(6035, 5014, 'Delete server', 'deletenode', 'delete_server.png', 'Delete a server', 75, NULL, 1, '', 0),
(6036, 5015, 'Delete section', 'deletenode', 'delete_section.png', 'Delete a section', 75, NULL, 1, '', 0),
(6037, 5017, 'Delete folder', 'deletenode', 'delete_folder_images.png', 'Delete selected folder', 76, NULL, 1, '', 0),
(6039, 5021, 'Delete folder', 'deletenode', 'delete_folder_import.png', 'Delete selected folder', 76, NULL, 1, '', 0),
(6040, 5023, 'Delete folder', 'deletenode', 'delete_folder_common.png', 'Delete selected folder', 76, NULL, 1, '', 0),
(6041, 5025, 'Delete folder', 'deletenode', 'delete_folder_css.png', 'Delete selected folder', 76, NULL, 1, '', 0),
(6043, 5018, 'Add XML or HTML documents', 'fileupload_common_multiple', 'add_xml.png', 'Create new XML and HTML documents in several languages', 9, NULL, 0, '', 0),
(6044, 5018, 'Add new XML document', 'createxmlcontainer', 'add_xml.png', 'Create a new XML document in several languages', 10, NULL, 0, '', 0),
(6045, 5031, 'Add new language', 'addlangxmlcontainer', 'add_language_xml.png', 'Add a document with a different language', 10, NULL, 0, '', 0),
(6046, 5079, 'Manage workflow', 'modifystates', 'manage_states.png', 'Add a new status to the workflow', 10, NULL, 0, '', 0),
(6047, 5030, 'Add new language', 'createlanguage', 'add_language.png', 'Add a new language', 10, NULL, 0, '', 0),
(6048, 5029, 'Add new channel', 'createchannel', 'add_channel.png', 'Add a new channel to Ximdex', 10, NULL, 0, '', 0),
(6049, 5041, 'Download file', 'filedownload', 'download_file_txt_bin.png', 'Download selected file', 80, NULL, 0, '', 0),
(6050, 5040, 'Download image', 'filedownload', 'download_image.png', 'Download an image to a local hard disk', 80, NULL, 0, '', 0),
(6051, 5039, 'Download file', 'filedownload', 'download_file_txt_bin.png', 'Download a file to a local hard disk', 80, NULL, 0, '', 0),
(6052, 5040, 'Image preview', 'filepreview', 'view_image.png', 'Preview an image', 80, NULL, 0, '', 0),
(6063, 5031, 'Delete document', 'deletenode', 'delete_xml.png', 'Delete XML document in all its languages', 90, NULL, 1, '', 0),
(6064, 5031, 'Change name of XML document', 'renamenode', 'change_name_xml.png', 'Change the document name and all its language versions', 25, NULL, 0, '', 0),
(6065, 5032, 'Edit XML document', 'xmleditor2', 'edit_file_xml.png', 'Edit content of XML document', 20, NULL, 0, '', 0),
(6067, 5008, 'Delete action', 'deletenode', 'delete.png', 'Delete the action', 75, NULL, 1, '', 0),
(6069, 5050, 'Add new link subfolder', 'addfoldernode', 'add_links_category.png', 'Create a new link subfolder', 11, NULL, 0, '', 0),
(6070, 5048, 'Add new link subfolder', 'addfoldernode', 'add_links_category.png', 'Create a new link subfolder', 11, NULL, 0, '', 0),
(6071, 5050, 'Add new external link', 'createlink', 'add_external_link.png', 'Create a new external link', 10, NULL, 0, '', 0),
(6072, 5048, 'Add new external link', 'createlink', 'add_external_link.png', 'Create a new external link', 10, NULL, 0, '', 0),
(6073, 5049, 'Modify external link', 'modifylink', 'modify_link.png', 'Modify properties of external link', 20, NULL, 0, '', 0),
(6074, 5015, 'Associated groups', 'modifygroupsnode', 'groups_section.png', 'Manage associations of groups with this node', 60, NULL, 0, '', 0),
(6081, 5010, 'Modify associated workflow status', 'modifystatesrole', 'modify_state_workflow-rol.png', 'Modify associated status with this role', 60, NULL, 0, '', 0),
(6082, 5036, 'Modify associated roles', 'modifyrolesstate', 'manage_states-rol.png', 'Modify associated roles with this status', 60, NULL, 0, '', 0),
(6083, 5041, 'Change name', 'renamenode', 'change_name_file_txt_bin.png', 'Change name of selected file', 60, NULL, 0, '', 0),
(6084, 5041, 'Delete file', 'deletenode', 'delete_file_txt_bin.png', 'Delete selected file', 75, NULL, 1, '', 0),
(6085, 5040, 'Change image name', 'renamenode', 'change_name_image.png', 'Change file name', 60, NULL, 0, '', 0),
(6086, 5040, 'Delete image', 'deletenode', 'delete_image.png', 'Delete an image', 75, NULL, 1, '', 0),
(6087, 5039, 'Change name', 'renamenode', 'change_name_file_txt_bin.png', 'Change file name on import folder', 61, NULL, 0, '', 0),
(6088, 5039, 'Delete', 'deletenode', 'delete_file_txt_bin.png', 'Delete file of import folder', 76, NULL, 1, '', 0),
(6094, 5039, 'Edit file', 'edittext', 'edit_file_txt.png', 'Edit content of text document', 20, NULL, 0, '', 0),
(6095, 5033, 'Channel properties', 'modifychannel', 'properties_channel.png', 'Modify channel properties', 60, NULL, 0, '', 0),
(6096, 5011, 'Group properties', 'modifygroup', 'properties_group.png', 'Modify group properties', 60, NULL, 0, '', 0),
(6097, 5034, 'Modify language', 'modifylanguage', 'modify_language.png', 'Modify data of a language', 60, NULL, 0, '', 0),
(6098, 5032, 'Move to next state', 'workflow_forward', 'change_next_state.png', 'Move to the next state', 72, NULL, 0, NULL, 0),
(6099, 5032, 'Move to previous state', 'workflow_backward', 'change_last_state.png', 'Move to the previous state', 73, NULL, 0, NULL, 0),
(6101, 5011, 'Change users', 'modifygroupusers', 'modify_users.png', 'Modify list of users that integrate this group', 60, NULL, 0, '', 0),
(6102, 5034, 'Delete', 'deletenode', 'delete_language.png', 'Delete a language from the system', 75, NULL, 1, '', 0),
(6103, 5028, 'Change name', 'renamenode', 'change_name_file_css.png', 'Change file name on import folder', 61, NULL, 0, '', 0),
(6104, 5028, 'Download file', 'filedownload', 'download_file_css.png', 'Download a file to a local hard disk', 80, NULL, 0, '', 0),
(6105, 5028, 'Edit', 'edittext', 'edit_file_css.png', 'Edit content of text document', 20, NULL, 0, '', 0),
(6106, 5028, 'Delete', 'deletenode', 'delete_file_css.png', 'Delete file of import folder', 76, NULL, 1, '', 0),
(6107, 5033, 'Delete channel', 'deletenode', 'delete_channel.png', 'Delete a channel if it has not associated documents', 75, NULL, 1, '', 0),
(6108, 5011, 'Delete group', 'deletenode', 'delete_group.png', 'Delete select group', 75, NULL, 1, '', 0),
(6109, 5010, 'Delete role', 'deletenode', 'delete_role.png', 'Delete a selected role if it is not in use', 75, NULL, 1, '', 0),
(6118, 5048, 'Change name', 'renamenode', 'modify_link_folder.png', 'Change name of selected folder', 61, NULL, 0, '', 0),
(6119, 5048, 'Delete folder', 'deletenode', 'delete_link_folder.png', 'Delete selected folder', 76, NULL, 1, '', 0),
(6120, 5049, 'Delete link', 'deletenode', 'delete_link.png', 'Delete selected link', 75, NULL, 1, '', 0),
(6121, 5036, 'Delete', 'deletenode', 'delete_state.png', 'Delete a state if it is not an initial or final one and it is not in use', 75, NULL, 1, '', 0),
(6122, 5013, 'Associated groups', 'modifygroupsnode', 'groups_project.png', 'Manage associations of groups with this node', 60, NULL, 0, '', 0),
(6123, 5014, 'Associated groups', 'modifygroupsnode', 'groups_server.png', 'Manage associations of groups with this node', 60, NULL, 0, '', 0),
(6125, 5014, 'Manage servers', 'modifyserver', 'modify_sinc_data.png', 'Modify data connection with the production environment', 60, NULL, 0, '', 0),
(6126, 5039, 'Move to next state', 'workflow_forward', 'change_next_state.png', 'Move a text document to the next state', 72, NULL, 0, NULL, 0),
(6127, 5039, 'Move to previous state', 'workflow_backward', 'change_last_state.png', 'Move a text document to the previous state', 73, NULL, 0, NULL, 0),
(6128, 5041, 'Move to next state', 'workflow_forward', 'change_next_state.png', 'Move a text document to the next state', 72, NULL, 0, NULL, 0),
(6129, 5041, 'Move to previous state', 'workflow_backward', 'change_last_state.png', 'Move a text document to the previous state', 73, NULL, 0, NULL, 0),
(6130, 5040, 'Move to next state', 'workflow_forward', 'change_next_state.png', 'Move a text document to the next state', 72, NULL, 0, NULL, 0),
(6131, 5040, 'Move to previous state', 'workflow_backward', 'change_last_state.png', 'Move a text document to the previous state', 73, NULL, 0, NULL, 0),
(6132, 5028, 'Move to next state', 'workflow_forward', 'change_next_state.png', 'Move a text document to the next state', 72, NULL, 0, NULL, 0),
(6133, 5028, 'Move to previous state', 'workflow_backward', 'change_last_state.png', 'Move a text document to the previous state', 73, NULL, 0, NULL, 0),
(6134, 5032, 'Delete document', 'deletenode', 'delete_file_xml.png', 'Delete selected XML document', 90, NULL, 1, '', 0),
(6135, 5032, 'Symbolic link', 'xmlsetlink', 'file_xml_symbolic.png', 'Modify document which borrows the content', 74, NULL, 0, '', 0),
(6136, 5032, 'Edit in text mode', 'edittext', 'edit_file_xml_txt.png', 'Edit content of structured document in plain text', 21, NULL, 0, '', 0),
(6137, 5054, 'Add new ximlet folder', 'addfoldernode', 'add_folder_ximlet.png', 'Create a new ximlet folder', 11, NULL, 0, '', 0),
(6138, 5054, 'Add new ximlet', 'createxmlcontainer', 'add_xml.png', 'Create a new document structured in several languages', 10, NULL, 0, '', 0),
(6139, 5055, 'Add new ximlet folder', 'addfoldernode', 'add_folder_ximlet.png', 'Create a new ximlet folder', 11, NULL, 0, '', 0),
(6140, 5055, 'Add new ximlet', 'createxmlcontainer', 'add_xml.png', 'Create a new document structured in several languages', 10, NULL, 0, '', 0),
(6141, 5055, 'Delete folder', 'deletenode', 'delete_folder_ximlet.png', 'Delete selected folder', 76, NULL, 1, '', 0),
(6142, 5055, 'Change name', 'renamenode', 'change_name_folder_ximlet.png', 'Change folder name', 61, NULL, 0, '', 0),
(6143, 5032, 'Version manager', 'manageversions', 'manage_versions.png', 'Manage repository of versions', 80, NULL, 0, '', 0),
(6144, 5040, 'Version manager', 'manageversions', 'manage_versions.png', 'Manage version repository', 73, NULL, 0, '', 0),
(6145, 5041, 'Version manager', 'manageversions', 'manage_versions.png', 'Manage repository of versions', 73, NULL, 0, '', 0),
(6146, 5028, 'Version manager', 'manageversions', 'manage_versions.png', 'Manage repository of versions', 73, NULL, 0, '', 0),
(6147, 5016, 'Image viewer', 'filepreview', 'view_image.png', 'Preview the images', 80, NULL, 0, 'method=showAll', 0),
(6148, 5039, 'Version manager', 'manageversions', 'manage_versions.png', 'Manage repository of versions', 73, NULL, 0, '', 0),
(6149, 5017, 'Image viewer', 'filepreview', 'view_image.png', 'Preview the images', 80, NULL, 0, 'method=showAll', 0),
(6150, 5057, 'Version manager', 'manageversions', 'manage_versions.png', 'Manage repository of versions', 73, NULL, 0, '', 0),
(6151, 5056, 'Add new language', 'addlangxmlcontainer', 'add_language_xml.png', 'Add a new language to ximlet', 10, NULL, 0, '', 0),
(6152, 5056, 'Delete ximlet', 'deletenode', 'delete_xml.png', 'Delete a ximlet permanently from system', 75, NULL, 1, '', 0),
(6153, 5056, 'Change ximlet name', 'renamenode', 'change_name_xml.png', 'Change ximlet name', 60, NULL, 0, '', 0),
(6154, 5057, 'Edit ximlet', 'xmleditor2', 'edit_file_xml.png', 'Modify content of a ximlet', 20, NULL, 0, '', 0),
(6155, 5057, 'Delete document', 'deletenode', 'delete_file_xml.png', 'Delete a ximlet and all its dependencies', 75, NULL, 1, '', 0),
(6156, 5057, 'Symbolic link', 'xmlsetlink', 'file_xml_symbolic.png', 'Modify the ximlet which borrows the content', 74, NULL, 0, '', 0),
(6157, 5057, 'Edit in text mode', 'edittext', 'edit_file_xml_txt.png', 'Edit ximlet with text mode', 21, NULL, 0, '', 0),
(6170, 5014, 'Move node', 'movenode', 'move_node.png', 'Move a node', 40, NULL, 1, '', 0),
(6171, 5015, 'Move node', 'movenode', 'move_node.png', 'Move a node', 40, NULL, 1, '', 0),
(6172, 5017, 'Move node', 'movenode', 'move_node.png', 'Move a node', 40, NULL, 1, '', 0),
(6173, 5021, 'Move node', 'movenode', 'move_node.png', 'Move a node', 40, NULL, 1, '', 0),
(6174, 5023, 'Move node', 'movenode', 'move_node.png', 'Move a node', 40, NULL, 1, '', 0),
(6175, 5028, 'Move node', 'movenode', 'move_node.png', 'Move a node', 40, NULL, 1, '', 0),
(6176, 5031, 'Move node', 'movenode', 'move_node.png', 'Move a node', 35, NULL, 0, '', 0),
(6177, 5039, 'Move node', 'movenode', 'move_node.png', 'Move a node', 40, NULL, 1, '', 0),
(6178, 5040, 'Move node', 'movenode', 'move_node.png', 'Move a node', 40, NULL, 1, '', 0),
(6179, 5041, 'Move node', 'movenode', 'move_node.png', 'Move a node', 40, NULL, 1, '', 0),
(6181, 5048, 'Move node', 'movenode', 'move_node.png', 'Move a node', 40, NULL, 1, '', 0),
(6182, 5049, 'Move node', 'movenode', 'move_node.png', 'Move a node', 40, NULL, 1, '', 0),
(6183, 5056, 'Move node', 'movenode', 'move_node.png', 'Move a node', 40, NULL, 1, '', 0),
(6184, 5015, 'Associate a ximlet with a section', 'addximlet', 'asociate_ximlet_folder.png', 'Associate a ximlet with a section', 62, NULL, 1, '', 0),
(6190, 5110, 'Add files', 'fileupload_common_multiple', 'add_file_common.png', 'Add a set of files to this folder', 10, NULL, 0, 'type=common', 0),
(6191, 5110, 'Publish section', 'publicatesection', 'publicate_section.png', 'Publish a section massively', 70, NULL, 1, '', 0),
(6192, 5110, 'Download all files', 'filedownload_multiple', 'download_html_file.png', 'Download all files', 80, NULL, 0, '', 1),
(6193, 5110, 'Add empty file', 'newemptynode', 'add_file_common.png', 'Create a new empty file', 9, NULL, 0, '', 0),
(6194, 5110, 'Add common folder', 'addfoldernode', 'add_folder_common.png', 'Create a new common folder', 11, NULL, 0, '', 0),
(6202, 5014, 'Associate ximlet with server', 'addximlet', 'asociate_ximlet_server.png', 'Associate a ximlet with a server', 62, NULL, 1, '', 0),
(6204, 5015, 'Publish section', 'publicatesection', 'publicate_section.png', 'Publish a section massively', 70, NULL, 1, '', 0),
(6205, 5015, 'Expire section', 'expiresection', 'expire_section.png', 'Expire a section', 80, NULL, 0, '', 0),
(6227, 5076, 'Edit in text mode', 'edittext', 'edit_html_txt_file.png', 'Edit content of text document', 21, NULL, 0, '', 0),
(6228, 5076, 'Download file', 'filedownload', 'download_html_file.png', 'Download selected file', 80, NULL, 0, '', 0),
(6229, 5076, 'Edit HTML', 'htmleditor', 'edit_html_file.png', 'Edita el documento html', 21, NULL, 0, '', 0),
(6230, 5076, 'Change name', 'renamenode', 'change_name_html_file.png', 'Change name of selected file', 60, NULL, 0, '', 0),
(6231, 5076, 'Version manager', 'manageversions', 'manage_html_versions.png', 'Manage repository of versions', 73, NULL, 0, '', 0),
(6232, 5076, 'Delete file', 'deletenode', 'delete_html_file.png', 'Delete HTML file', 75, NULL, 1, '', 0),
(6233, 5076, 'Move file', 'movenode', 'move_node.png', 'Move a node', 40, NULL, 0, '', 0),
(6236, 5020, 'Add files', 'fileupload_common_multiple', 'add_nodes_ht.png', 'Add multiple files', 10, NULL, 0, '', 0),
(6237, 5021, 'Add files', 'fileupload_common_multiple', 'add_nodes_ht.png', 'Add multiple files', 10, NULL, 0, '', 0),
(6343, 5016, 'Add images', 'fileupload_common_multiple', 'upload_image.png', 'Add an image set to the server', 10, NULL, 0, 'type=image', 0),
(6344, 5017, 'Add images', 'fileupload_common_multiple', 'upload_image.png', 'Add an image set to the server', 10, NULL, 0, 'type=image', 0),
(6345, 5026, 'Add templates', 'fileupload_common_multiple', 'add_template_ptd.png', 'Add a set of templates to the server', 9, NULL, 0, 'type=ptd', 0),
(6346, 5022, 'Add files', 'fileupload_common_multiple', 'add_file_common.png', 'Add a set of files to the server', 10, NULL, 0, 'type=common', 0),
(6347, 5023, 'Add files', 'fileupload_common_multiple', 'add_file_common.png', 'Add a set of files to the server', 10, NULL, 0, 'type=common', 0),
(6348, 5024, 'Add style sheets', 'fileupload_common_multiple', 'add_file_css.png', 'Add a set of style sheets to the server', 10, NULL, 0, 'type=css', 0),
(6349, 5025, 'Add style sheets', 'fileupload_common_multiple', 'add_file_css.png', 'Add a set of style sheets to the server', 10, NULL, 0, 'type=css', 0),
(6350, 5041, 'Replace file', 'replacefile', 'add_file_common.png', 'Replace the binary file for the current node', 62, NULL, 0, '', 0),
(6351, 5040, 'Replace file', 'replacefile', 'add_file_common.png', 'Replace the image file for the current node', 62, NULL, 0, '', 0),
(6352, 5028, 'Replace file', 'replacefile', 'add_file_common.png', 'Replace the CSS file for the current node', 62, NULL, 0, '', 0),
(6353, 5092, 'Replace file', 'replacefile', 'add_file_common.png', 'Replace the javascript file for the current node', 62, NULL, 0, '', 0),
(6385, 5032, 'Preview', 'preview', 'xix.png', 'Preview of the document', 65, NULL, 0, '', 0),
(6500, 5012, 'Export', 'serializeNodeXML', 'xix.png', 'Export all projects', -91, 'ximIO', 0, '', 0),
(6501, 5013, 'Export', 'serializeNodeXML', 'xix.png', 'Export a complete project', -91, 'ximIO', 0, '', 0),
(6502, 5050, 'Export', 'serializeNodeXML', 'xix.png', 'Export a link', -91, 'ximIO', 0, '', 0),
(6503, 5048, 'Export', 'serializeNodeXML', 'xix.png', 'Export a link folder', -91, 'ximIO', 0, '', 0),
(6504, 5022, 'Export', 'serializeNodeXML', 'xix.png', 'Export a complete common folder', -91, 'ximIO', 0, '', 0),
(6505, 5023, 'Export', 'serializeNodeXML', 'xix.png', 'Export a common subfolder', -91, 'ximIO', 0, '', 0),
(6506, 5024, 'Export', 'serializeNodeXML', 'xix.png', 'Export a complete CSS folder', -91, 'ximIO', 0, '', 0),
(6507, 5025, 'Export', 'serializeNodeXML', 'xix.png', 'Export a CSS subfolder', -91, 'ximIO', 0, '', 0),
(6508, 5016, 'Export', 'serializeNodeXML', 'xix.png', 'Export a complete image folder', -91, 'ximIO', 0, '', 0),
(6509, 5017, 'Export', 'serializeNodeXML', 'xix.png', 'Export a image subfolder', -91, 'ximIO', 0, '', 0),
(6510, 5020, 'Export', 'serializeNodeXML', 'xix.png', 'Export a complete ximclude folder', -91, 'ximIO', 0, '', 0),
(6511, 5021, 'Export', 'serializeNodeXML', 'xix.png', 'Export a ximclude subfolder', -91, 'ximIO', 0, '', 0),
(6512, 5018, 'Export', 'serializeNodeXML', 'xix.png', 'Export a complete documents folder', -91, 'ximIO', 0, '', 0),
(6513, 5031, 'Export', 'serializeNodeXML', 'xix.png', 'Export a XML document', -91, 'ximIO', 0, '', 0),
(6514, 5054, 'Export', 'serializeNodeXML', 'xix.png', 'Export a complete ximlet folder', -91, 'ximIO', 0, '', 0),
(6515, 5055, 'Export', 'serializeNodeXML', 'xix.png', 'Export a ximlet subfolder', -91, 'ximIO', 0, '', 0),
(6516, 5056, 'Export', 'serializeNodeXML', 'xix.png', 'Export a ximlet document', -91, 'ximIO', 0, '', 0),
(6517, 5014, 'Export', 'serializeNodeXML', 'xix.png', 'Export a complete server', -91, 'ximIO', 0, '', 0),
(6518, 5015, 'Export', 'serializeNodeXML', 'xix.png', 'Export a complete section', -91, 'ximIO', 0, '', 0),
(6519, 5053, 'Export', 'serializeNodeXML', 'xix.png', 'Export a complete schema', -91, 'ximIO', 0, '', 0),
(6520, 5026, 'Export', 'serializeNodeXML', 'xix.png', 'Export a complete template', -91, 'ximIO', 0, '', 0),
(6550, 5012, 'Import', 'deserializeNodeXML', 'xix.png', 'Import all projects', -92, 'ximIO', 0, '', 0),
(6551, 5013, 'Import', 'deserializeNodeXML', 'xix.png', 'Import a complete project', -92, 'ximIO', 0, '', 0),
(6552, 5050, 'Import', 'deserializeNodeXML', 'xix.png', 'Import a link', -92, 'ximIO', 0, '', 0),
(6553, 5048, 'Import', 'deserializeNodeXML', 'xix.png', 'Import a link folder', -92, 'ximIO', 0, '', 0),
(6554, 5022, 'Import', 'deserializeNodeXML', 'xix.png', 'Import a complete common folder', -92, 'ximIO', 0, '', 0),
(6555, 5023, 'Import', 'deserializeNodeXML', 'xix.png', 'Import a common subfolder', -92, 'ximIO', 0, '', 0),
(6556, 5024, 'Import', 'deserializeNodeXML', 'xix.png', 'Import a complete CSS folder', -92, 'ximIO', 0, '', 0),
(6557, 5025, 'Import', 'deserializeNodeXML', 'xix.png', 'Import a CSS subfolder', -92, 'ximIO', 0, '', 0),
(6558, 5016, 'Import', 'deserializeNodeXML', 'xix.png', 'Import a complete image folder', -92, 'ximIO', 0, '', 0),
(6559, 5017, 'Import', 'deserializeNodeXML', 'xix.png', 'Import a image subfolder', -92, 'ximIO', 0, '', 0),
(6560, 5020, 'Import', 'deserializeNodeXML', 'xix.png', 'Import a complete ximclude folder', -92, 'ximIO', 0, '', 0),
(6561, 5021, 'Import', 'deserializeNodeXML', 'xix.png', 'Import a ximclude subfolder', -92, 'ximIO', 0, '', 0),
(6562, 5018, 'Import', 'deserializeNodeXML', 'xix.png', 'Import a complete documents folder', -92, 'ximIO', 0, '', 0),
(6563, 5031, 'Import', 'deserializeNodeXML', 'xix.png', 'Import a XML document', -92, 'ximIO', 0, '', 0),
(6564, 5054, 'Import', 'deserializeNodeXML', 'xix.png', 'Import a complete ximlet folder', -92, 'ximIO', 0, '', 0),
(6565, 5055, 'Import', 'deserializeNodeXML', 'xix.png', 'Import a ximlet subfolder', -92, 'ximIO', 0, '', 0),
(6566, 5056, 'Import', 'deserializeNodeXML', 'xix.png', 'Import a ximlet document', -92, 'ximIO', 0, '', 0),
(6567, 5014, 'Import', 'deserializeNodeXML', 'xix.png', 'Import a complete server', -92, 'ximIO', 0, '', 0),
(6568, 5015, 'Import', 'deserializeNodeXML', 'xix.png', 'Import a complete section', -92, 'ximIO', 0, '', 0),
(6569, 5053, 'Import', 'deserializeNodeXML', 'xix.png', 'Import a complete schema', -92, 'ximIO', 0, '', 0),
(6570, 5026, 'Import', 'deserializeNodeXML', 'xix.png', 'Import a complete template', -92, 'ximIO', 0, '', 0),
(6600, 5013, 'Copy', 'copy', 'Copy_proyecto.png', 'Copy a complete project', -30, NULL, 0, '', 0),
(6601, 5050, 'Copy', 'copyNode', 'copiar_documento.png', 'Copy a link', -30, 'ximIO', 0, '', 0),
(6602, 5048, 'Copy', 'copyNode', 'copiar_seccion.png', 'Copy a link folder', -30, 'ximIO', 0, '', 0),
(6604, 5023, 'Copy', 'copyNode', 'copiar_carpeta_common.png', 'Copy a common subfolder', -30, 'ximIO', 0, '', 0),
(6606, 5025, 'Copy', 'copyNode', 'copiar_seccion.png', 'Copy a CSS subfolder', -30, 'ximIO', 0, '', 0),
(6608, 5017, 'Copy', 'copyNode', 'copiar_carpeta_images.png', 'Copy a image subfolder', -30, 'ximIO', 0, '', 0),
(6610, 5021, 'Copy', 'copyNode', 'copiar_carpeta_ximclude.png', 'Copy a ximclude subfolder ', -30, 'ximIO', 0, '', 0),
(6612, 5031, 'Copy', 'copyNode', 'copiar_carpeta_ximdoc.png', 'Copy a XML document', -30, 'ximIO', 0, '', 0),
(6614, 5055, 'Copy', 'copyNode', 'copiar_carpeta_ximlet.png', 'Copy a ximlet subfolder', -30, 'ximIO', 0, '', 0),
(6615, 5056, 'Copy', 'copyNode', 'copiar_carpeta_ximlet.png', 'Copy a ximlet document', -30, 'ximIO', 0, '', 0),
(6616, 5049, 'Copy', 'copyNode', 'copiar_documento.png', 'Copy a link', -30, 'ximIO', 0, '', 0),
(6617, 5057, 'Copy', 'copyNode', 'copiar_documento.png', 'Copy a ximlet', -30, 'ximIO', 0, '', 0),
(6619, 5014, 'Copy', 'copyNode', 'copiar_servidor.png', 'Copy a complete server', -30, 'ximIO', 0, '', 0),
(6620, 5015, 'Copy', 'copyNode', 'copiar_seccion.png', 'Copy a complete section', -30, 'ximIO', 0, '', 0),
(6621, 5053, 'Copy', 'copyNode', 'copiar_seccion.png', 'Copy a complete schema', -30, 'ximIO', 0, '', 0),
(6622, 5026, 'Copy', 'copyNode', 'copiar_carpeta_ximptd.png', 'Copy a complete template', -30, 'ximIO', 0, '', 0),
(6626, 5039, 'Copy', 'copyNode', 'copiar_documento.png', 'Copy a text file', -30, 'ximIO', 0, '', 0),
(6627, 5040, 'Copy', 'copyNode', 'copiar_documento.png', 'Copy a image file', -30, 'ximIO', 0, '', 0),
(6628, 5041, 'Copy', 'copyNode', 'copiar_documento.png', 'Copy a binary file', -30, 'ximIO', 0, '', 0),
(6629, 5028, 'Copy', 'copyNode', 'copiar_documento.png', 'Copy a style sheet', -30, 'ximIO', 0, '', 0),
(6911, 5012, 'Semantic Tags', 'setmetadata', 'change_next_state.png', 'Managing semantic tags related to the current node.', 81, NULL, 0, NULL, 0),
(6912, 5013, 'Semantic Tags', 'setmetadata', 'change_next_state.png', 'Managing semantic tags related to the current node.', 81, NULL, 0, NULL, 0),
(6913, 5014, 'Semantic Tags', 'setmetadata', 'change_next_state.png', 'Managing semantic tags related to the current node.', 81, NULL, 0, NULL, 0),
(6914, 5015, 'Semantic Tags', 'setmetadata', 'change_next_state.png', 'Managing semantic tags related to the current node.', 81, NULL, 0, NULL, 0),
(6915, 5016, 'Semantic Tags', 'setmetadata', 'change_next_state.png', 'Managing semantic tags related to the current node.', 81, NULL, 0, NULL, 0),
(6916, 5017, 'Semantic Tags', 'setmetadata', 'change_next_state.png', 'Managing semantic tags related to the current node.', 81, NULL, 0, NULL, 0),
(6917, 5018, 'Semantic Tags', 'setmetadata', 'change_next_state.png', 'Managing semantic tags related to the current node.', 81, NULL, 0, NULL, 0),
(6918, 5020, 'Semantic Tags', 'setmetadata', 'change_next_state.png', 'Managing semantic tags related to the current node.', 81, NULL, 0, NULL, 0),
(6919, 5021, 'Semantic Tags', 'setmetadata', 'change_next_state.png', 'Managing semantic tags related to the current node.', 81, NULL, 0, NULL, 0),
(6920, 5022, 'Semantic Tags', 'setmetadata', 'change_next_state.png', 'Managing semantic tags related to the current node.', 81, NULL, 0, NULL, 0),
(6921, 5023, 'Semantic Tags', 'setmetadata', 'change_next_state.png', 'Managing semantic tags related to the current node.', 81, NULL, 0, NULL, 0),
(6922, 5024, 'Semantic Tags', 'setmetadata', 'change_next_state.png', 'Managing semantic tags related to the current node.', 81, NULL, 0, NULL, 0),
(6923, 5025, 'Semantic Tags', 'setmetadata', 'change_next_state.png', 'Managing semantic tags related to the current node.', 81, NULL, 0, NULL, 0),
(6924, 5026, 'Semantic Tags', 'setmetadata', 'change_next_state.png', 'Managing semantic tags related to the current node.', 81, NULL, 0, NULL, 0),
(6925, 5028, 'Semantic Tags', 'setmetadata', 'change_next_state.png', 'Managing semantic tags related to the current node.', 81, NULL, 0, NULL, 0),
(6928, 5031, 'Semantic Tags', 'setmetadata', 'change_next_state.png', 'Managing semantic tags related to the current node.', 81, NULL, 0, NULL, 0),
(6929, 5032, 'Semantic Tags', 'setmetadata', 'change_next_state.png', 'Managing semantic tags related to the current node.', 81, NULL, 0, NULL, 0),
(6933, 5036, 'Semantic Tags', 'setmetadata', 'change_next_state.png', 'Managing semantic tags related to the current node.', 81, NULL, 0, NULL, 0),
(6936, 5039, 'Semantic Tags', 'setmetadata', 'change_next_state.png', 'Managing semantic tags related to the current node.', 81, NULL, 0, NULL, 0),
(6937, 5040, 'Semantic Tags', 'setmetadata', 'change_next_state.png', 'Managing semantic tags related to the current node.', 81, NULL, 0, NULL, 0),
(6938, 5041, 'Semantic Tags', 'setmetadata', 'change_next_state.png', 'Managing semantic tags related to the current node.', 81, NULL, 0, NULL, 0),
(6939, 5043, 'Semantic Tags', 'setmetadata', 'change_next_state.png', 'Managing semantic tags related to the current node.', 81, NULL, 0, NULL, 0),
(6940, 5044, 'Semantic Tags', 'setmetadata', 'change_next_state.png', 'Managing semantic tags related to the current node.', 81, NULL, 0, NULL, 0),
(6942, 5048, 'Semantic Tags', 'setmetadata', 'change_next_state.png', 'Managing semantic tags related to the current node.', 81, NULL, 0, NULL, 0),
(6943, 5049, 'Semantic Tags', 'setmetadata', 'change_next_state.png', 'Managing semantic tags related to the current node.', 81, NULL, 0, NULL, 0),
(6944, 5050, 'Semantic Tags', 'setmetadata', 'change_next_state.png', 'Managing semantic tags related to the current node.', 81, NULL, 0, NULL, 0),
(6945, 5053, 'Semantic Tags', 'setmetadata', 'change_next_state.png', 'Managing semantic tags related to the current node.', 81, NULL, 0, NULL, 0),
(6946, 5054, 'Semantic Tags', 'setmetadata', 'change_next_state.png', 'Managing semantic tags related to the current node.', 81, NULL, 0, NULL, 0),
(6947, 5055, 'Semantic Tags', 'setmetadata', 'change_next_state.png', 'Managing semantic tags related to the current node.', 81, NULL, 0, NULL, 0),
(6948, 5056, 'Semantic Tags', 'setmetadata', 'change_next_state.png', 'Managing semantic tags related to the current node.', 81, NULL, 0, NULL, 0),
(6949, 5057, 'Semantic Tags', 'setmetadata', 'change_next_state.png', 'Managing semantic tags related to the current node.', 81, NULL, 0, NULL, 0),
(6951, 5059, 'Semantic Tags', 'setmetadata', 'change_next_state.png', 'Managing semantic tags related to the current node.', 81, NULL, 0, NULL, 0),
(6954, 5063, 'Semantic Tags', 'setmetadata', 'change_next_state.png', 'Managing semantic tags related to the current node.', 81, NULL, 0, NULL, 0),
(6957, 5066, 'Semantic Tags', 'setmetadata', 'change_next_state.png', 'Managing semantic tags related to the current node.', 81, NULL, 0, NULL, 0),
(6959, 5068, 'Semantic Tags', 'setmetadata', 'change_next_state.png', 'Managing semantic tags related to the current node.', 81, NULL, 0, NULL, 0),
(6960, 5076, 'Semantic Tags', 'setmetadata', 'change_next_state.png', 'Managing semantic tags related to the current node.', 81, NULL, 0, NULL, 0),
(6961, 5077, 'Semantic Tags', 'setmetadata', 'change_next_state.png', 'Managing semantic tags related to the current node.', 81, NULL, 0, NULL, 0),
(6962, 5078, 'Semantic Tags', 'setmetadata', 'change_next_state.png', 'Managing semantic tags related to the current node.', 81, NULL, 0, NULL, 0),
(6965, 5081, 'Semantic Tags', 'setmetadata', 'change_next_state.png', 'Managing semantic tags related to the current node.', 81, NULL, 0, NULL, 0),
(7016, 5057, 'Publish ximlet', 'publicateximlet', 'xix.png', 'Publish documents associated with a ximlet', 70, NULL, 0, '', 0),
(7200, 5040, 'Copy', 'copy', 'copiar_documento.png', 'Copy a image to another destination', 30, NULL, 0, '', 0),
(7201, 5017, 'Copy', 'copy', 'copiar_carpeta_images.png', 'Copy a image subfolder to another destination', 31, NULL, 0, '', 0),
(7203, 5014, 'Copy', 'copy', 'copiar_servidor.png', 'Copy a server to another destination', 30, NULL, 0, '', 0),
(7206, 5021, 'Copy', 'copy', 'copiar_carpeta_ximclude.png', 'Copy a ximclude subfolder to another destination', 31, NULL, 0, '', 0),
(7208, 5023, 'Copy', 'copy', 'copiar_carpeta_common.png', 'Copia a common subfolder to another destination', 31, NULL, 0, '', 0),
(7210, 5025, 'Copy', 'copy', 'copiar_seccion.png', 'Copy a CSS subfolder to another destination', 31, NULL, 0, '', 0),
(7211, 5026, 'Copy', 'copy', 'copiar_carpeta_ximptd.png', 'Copy a templates folder to another destination', 31, NULL, 0, '', 0),
(7212, 5028, 'Copy', 'copy', 'copiar_documento.png', 'Copy a CSS document to another destination', 30, NULL, 0, '', 0),
(7213, 5031, 'Copy', 'copy', 'copiar_carpeta_ximdoc.png', 'Copy a document to another destination', 30, NULL, 0, '', 0),
(7215, 5039, 'Copy', 'copy', 'copiar_documento.png', 'Copy a text document to another destination', 30, NULL, 0, '', 0),
(7216, 5041, 'Copy', 'copy', 'copiar_documento.png', 'Copy a binary document to another destination', 30, NULL, 0, '', 0),
(7217, 5048, 'Copy', 'copy', 'copiar_carpeta_ximlink.png', 'Copy a link subfolder to another destination', 31, NULL, 0, '', 0),
(7218, 5049, 'Copy', 'copy', 'copiar_documento.png', 'Copy a link to another destination', 30, NULL, 0, '', 0),
(7219, 5050, 'Copy', 'copy', 'copiar_carpeta_ximlink.png', 'Copy a links folder to another destination', 31, NULL, 0, '', 0),
(7221, 5055, 'Copy', 'copy', 'copiar_carpeta_ximlet.png', 'Copy a ximlet subfolder to another destination', 31, NULL, 0, '', 0),
(7222, 5056, 'Copy', 'copy', 'copiar_carpeta_ximdoc.png', 'Copy a ximlet document to another destination', 30, NULL, 0, '', 0),
(7223, 5057, 'Copy', 'copy', 'copiar_carpeta_ximlet.png', 'Copy a ximlet document to another destination', 30, NULL, 0, '', 0),
(7224, 5076, 'Copy', 'copy', 'copiar_documento.png', 'Copy a HTML document to another destination', 30, NULL, 0, '', 0),
(7225, 5015, 'Copy', 'copy', 'copiar_seccion.png', 'Copy a section to another destination', 30, NULL, 0, '', 0),
(7226, 5053, 'Copy', 'copy', 'copiar_carpeta_ximdoc.png', 'Copy a schemes folder to another destination', 31, NULL, 0, '', 0),
(7228, 5014, 'Publish server', 'publicatesection', 'publicate_section.png', 'Publish a server massively', 100, NULL, 0, NULL, 0),
(7229, 5048, 'Check links', 'linkreport', 'xix.png', 'Check broken links', 60, NULL, 0, NULL, 0),
(7230, 5049, 'Check link', 'linkreport', 'xix.png', 'Check broken links', 0, NULL, 0, NULL, 0),
(7231, 5050, 'Check links', 'linkreport', 'xix.png', 'Check broken links', 60, NULL, 0, NULL, 0),
(7236, 5057, 'Manage associations', 'showassocnodes', 'xix.png', 'Manage node associations with ximlet', -60, NULL, 0, NULL, 0),
(7240, 5018, 'Publish documents', 'publicatesection', 'publicate_section.png', 'Publish the document section', 75, NULL, 0, NULL, 0),
(7241, 5103, 'Publish document', 'publicatesection', 'publicate_section.png', 'Publish the XML or HTML documents container', 70, NULL, 0, NULL, 0),
(7250, 5018, 'Expire documents', 'expiresection', 'expire_section.png', 'Expire the XML or HTML documents section', 76, NULL, 0, NULL, 0),
(7251, 5103, 'Expire document', 'expiresection', 'expire_section.png', 'Expire the HTML documents container', 71, NULL, 0, NULL, 0),
(7252, 5031, 'Expire document', 'expiresection', 'expire_section.png', 'Expire the XML documents container', 71, NULL, 0, NULL, 0),
(7253, 5014, 'Expire server', 'expiresection', 'expire_section.png', 'Expire the server section massively', 101, NULL, 0, NULL, 0),
(7254, 5042, 'Download video', 'filedownload', 'download_video.png', 'Download a video to a local hard disk', 80, NULL, 0, '', 0),
(7255, 5042, 'Video preview', 'filepreview', 'view_video.png', 'Preview a video', 80, NULL, 0, '', 0),
(7256, 5042, 'Change video name', 'renamenode', 'change_name_video.png', 'Change file name', 60, NULL, 0, '', 0),
(7257, 5042, 'Delete video', 'deletenode', 'delete_video.png', 'Delete a video', 75, NULL, 1, '', 0),
(7258, 5042, 'Move to next state', 'workflow_forward', 'change_next_state.png', 'Move a video to the next state', 72, NULL, 0, NULL, 0),
(7259, 5042, 'Move to previous state', 'workflow_backward', 'change_last_state.png', 'Move a video to the previous state', 73, NULL, 0, NULL, 0),
(7260, 5042, 'Version manager', 'manageversions', 'manage_versions.png', 'Manage version repository', 73, NULL, 0, '', 0),
(7261, 5042, 'Move node', 'movenode', 'move_node.png', 'Move a video node', 40, NULL, 1, '', 0),
(7262, 5042, 'Semantic Tags', 'setmetadata', 'change_next_state.png', 'Managing semantic tags related to the current node', 81, NULL, 0, NULL, 0),
(7263, 5042, 'Copy', 'copy', 'copiar_documento.png', 'Copy a video to another destination', 30, NULL, 0, '', 0),
(7264, 5042, 'Expire video', 'expiredoc', 'expire_section.png', 'Expire the publication for a video file', 73, NULL, 0, NULL, 0),
(7265, 5039, 'Expire text file', 'expiredoc', 'expire_section.png', 'Expire the publication for a text file', 73, NULL, 0, NULL, 0),
(7266, 5041, 'Expire file', 'expiredoc', 'expire_section.png', 'Expire the publication for a file', 73, NULL, 0, NULL, 0),
(7267, 5040, 'Expire image', 'expiredoc', 'expire_section.png', 'Expire the publication for a image', 73, NULL, 0, NULL, 0),
(7268, 5028, 'Expire CSS', 'expiredoc', 'expire_section.png', 'Expire the publication for a CSS file', 73, NULL, 0, NULL, 0),
(7269, 5092, 'Expire JS', 'expiredoc', 'expire_section.png', 'Expire the publication for a JS file', 73, NULL, 0, NULL, 0),
(7301, 5035, 'Add workflow', 'addworkflow', 'xix.png', 'Add a new workflow', -10, NULL, 0, NULL, 0),
(7305, 5077, 'Delete XSL template', 'deletenode', 'delete_template_ptd.png', 'Delete a XSL template', 75, NULL, 0, NULL, 0),
(7306, 5077, 'Edit XSL template', 'edittext', 'edit_template_ptd.png', 'Edit a XSL template', 20, NULL, 0, NULL, 0),
(7307, 5013, 'Modify properties', 'manageproperties', 'xix.png', 'Modify properties of a project', 60, NULL, 0, NULL, 0),
(7308, 5014, 'Modify properties', 'manageproperties', 'xix.png', 'Modify properties of a server', 60, NULL, 0, NULL, 0),
(7309, 5015, 'Modify properties', 'manageproperties', 'xix.png', 'Modify properties of a section', 60, NULL, 0, NULL, 0),
(7310, 5018, 'Modify properties', 'manageproperties', 'xix.png', 'Modify properties of a document folder', 27, NULL, 0, NULL, 0),
(7311, 5031, 'Modify properties', 'manageproperties', 'xix.png', 'Modify properties', 27, NULL, 0, NULL, 0),
(7312, 5022, 'Modify properties', 'manageproperties', 'xix.png', 'Modify properties of a common root folder', 60, NULL, 0, NULL, 0),
(7313, 5023, 'Modify properties', 'manageproperties', 'xix.png', 'Modify properties of a common folder', 60, NULL, 0, NULL, 0),
(7318, 5078, 'Delete RNG schema', 'deletenode', 'delete_template_view.png', 'Delete a RNG schema', 75, NULL, 0, NULL, 0),
(7319, 5078, 'Edit RNG schema', 'edittext', 'edit_template_view.png', 'Edit a RNG schema', 20, NULL, 0, NULL, 0),
(7321, 5078, 'Modify properties', 'renamenode', 'modiy_templateview', 'Modify properties of a RNG schema', 60, NULL, 0, NULL, 0),
(7400, 5100, 'Semantic Tags', 'setmetadata', 'change_next_state.png', 'Managing semantic tags related to the current node.', 999, NULL, 0, NULL, 0),
(7401, 5100, 'Delete layout', 'deletenode', 'delete_template_view.png', 'Delete layout schema', 75, NULL, 0, NULL, 0),
(7402, 5100, 'Edit layout', 'edittext', 'edit_template_view.png', 'Edit layout schema', 20, NULL, 0, NULL, 0),
(7403, 5100, 'Modify properties', 'renamenode', 'modiy_templateview', 'Modify properties of a JSON schema', 60, NULL, 0, NULL, 0),
(7404, 5105, 'Add layouts', 'fileupload_common_multiple', 'add_template_pvd.png', 'Add a set of layouts to the server', 9, NULL, 0, 'type=layout', 0),
(7405, 5105, 'Add a new empty layout', 'newemptynode', 'add_file_common.png', 'Create a new empty HMTL layout file', 9, NULL, 0, '', 0),
(7406, 5105, 'Copy', 'copy', 'copiar_carpeta_ximdoc.png', 'Copy a layouts folder to another destination', 31, NULL, 0, '', 0),
(7407, 5105, 'Download all layout files', 'filedownload_multiple', 'download_template_view.png', 'Download all layouts', 80, NULL, 0, '', 1),
(7408, 5105, 'Semantic Tags', 'setmetadata', 'change_next_state.png', 'Managing semantic tags related to the current node', 999, NULL, 0, NULL, 0),
(7409, 5107, 'Semantic Tags', 'setmetadata', 'change_next_state.png', 'Managing semantic tags related to the current node.', 999, NULL, 0, NULL, 0),
(7410, 5107, 'Delete component', 'deletenode', 'delete_template_view.png', 'Delete a component schema', 75, NULL, 0, NULL, 0),
(7411, 5107, 'Edit component', 'edittext', 'edit_template_view.png', 'Edit a component schema', 20, NULL, 0, NULL, 0),
(7412, 5107, 'Modify properties', 'renamenode', 'modiy_templateview', 'Modify properties of a component schema', 60, NULL, 0, NULL, 0),
(7413, 5101, 'Semantic Tags', 'setmetadata', 'change_next_state.png', 'Managing semantic tags related to the current node.', 999, NULL, 0, NULL, 0),
(7414, 5101, 'Copy', 'copy', 'copiar_carpeta_ximdoc.png', 'Copy a HTML components folder to another destination', 31, NULL, 0, '', 0),
(7415, 5101, 'Download all components', 'filedownload_multiple', 'download_template_view.png', 'Download all HTML components files', 80, NULL, 0, '', 1),
(7416, 5101, 'Upload components files', 'fileupload_common_multiple', 'add_template_pvd.png', 'Add a set of HTML components to the server', 9, NULL, 0, 'type=json', 0),
(7417, 5101, 'Add a new empty component', 'newemptynode', 'add_file_common.png', 'Create a new empty HTML component file', 9, NULL, 0, '', 0),
(7418, 5106, 'Semantic Tags', 'setmetadata', 'change_next_state.png', 'Managing semantic tags related to the current node.', 999, NULL, 0, NULL, 0),
(7419, 5106, 'Copy', 'copy', 'copiar_carpeta_ximdoc.png', 'Copy a HTML sections folder to another destination', 31, NULL, 0, '', 0),
(7420, 5106, 'Download all sections', 'filedownload_multiple', 'download_template_view.png', 'Download all HTML views files', 80, NULL, 0, '', 1),
(7421, 5106, 'Upload views files', 'fileupload_common_multiple', 'add_template_pvd.png', 'Add a set of HTML views to the server', 9, NULL, 0, 'type=html', 0),
(7422, 5106, 'Add a new empty view', 'newemptynode', 'add_file_common.png', 'Create a new empty HTML view file', 9, NULL, 0, '', 0),
(7424, 5018, 'Add new HTML document', 'createxmlcontainer', 'add_xml.png', 'Create a new HTML document in several languages', 11, NULL, 0, 'type=HTML', 0),
(7425, 5090, 'Add new JS folder', 'addfoldernode', 'add_folder_css.png', 'Create a new javascript folder', 11, NULL, 0, '', 0),
(7426, 5090, 'Upload JS files', 'fileupload_common_multiple', 'add_file_css.png', 'Add a set of javascript files to the server', 10, NULL, 0, 'type=js', 0),
(7427, 5090, 'Semantic Tags', 'setmetadata', 'change_next_state.png', 'Managing semantic tags related to the current node.', 999, NULL, 0, NULL, 0),
(7428, 5090, 'Publish section', 'publicatesection', 'publicate_section.png', 'Publish a section massively', 70, NULL, 1, '', 0),
(7429, 5090, 'Download all JS files', 'filedownload_multiple', 'download_file_css.png', 'Download all javascript files', 80, NULL, 0, '', 1),
(7430, 5090, 'Add an empty JS document', 'newemptynode', 'add_file_common.png', 'Create a new javascript empty file', 9, NULL, 0, '', 0),
(7431, 5091, 'Add JS files', 'fileupload_common_multiple', 'add_file_css.png', 'Add a set of javascript files to the server', 10, NULL, 0, 'type=js', 0),
(7432, 5091, 'Add JS folder', 'addfoldernode', 'add_folder_css.png', 'Create a new javascript folder', 11, NULL, 0, '', 0),
(7433, 5091, 'Add empty JS document', 'newemptynode', 'add_file_common.png', 'Create a new javascript empty file', 9, NULL, 0, '', 0),
(7434, 5091, 'Copy', 'copy', 'copiar_seccion.png', 'Copy a javascript subfolder to another destination', 31, NULL, 0, '', 0),
(7435, 5091, 'Change name', 'renamenode', 'change_name_folder_css.png', 'Change folder name', 61, NULL, 0, '', 0),
(7436, 5091, 'Publish section', 'publicatesection', 'publicate_section.png', 'Publish a section massively', 70, NULL, 1, '', 0),
(7437, 5091, 'Delete folder', 'deletenode', 'delete_folder_css.png', 'Delete selected folder', 76, NULL, 1, '', 0),
(7438, 5091, 'Download all JS files', 'filedownload_multiple', 'download_file_css.png', 'Download all javascript files', 80, NULL, 0, '', 1),
(7439, 5091, 'Semantic Tags', 'setmetadata', 'change_next_state.png', 'Managing semantic tags related to the current node.', 999, NULL, 0, NULL, 0),
(7440, 5092, 'Edit', 'edittext', 'edit_file_css.png', 'Edit content of javascript document', 20, NULL, 0, '', 0),
(7441, 5092, 'Copy', 'copy', 'copiar_documento.png', 'Copy a javascript document to another destination', 30, NULL, 0, '', 0),
(7442, 5092, 'Move node', 'movenode', 'move_node.png', 'Move a node', 40, NULL, 1, '', 0),
(7443, 5092, 'Change name', 'renamenode', 'change_name_file_css.png', 'Change file name on import folder', 61, NULL, 0, '', 0),
(7444, 5092, 'Move to next state', 'workflow_forward', 'change_next_state.png', 'Move a javascript document to the next state', 72, NULL, 0, NULL, 0),
(7445, 5092, 'Move to previous state', 'workflow_backward', 'change_last_state.png', 'Move a text document to the previous state', 73, NULL, 0, NULL, 0),
(7446, 5092, 'Version manager', 'manageversions', 'manage_versions.png', 'Manage repository of versions', 73, NULL, 0, '', 0),
(7447, 5092, 'Delete', 'deletenode', 'delete_file_css.png', 'Delete file of import folder', 76, NULL, 1, '', 0),
(7448, 5092, 'Download file', 'filedownload', 'download_file_css.png', 'Download a file to a local hard disk', 80, NULL, 0, '', 0),
(7449, 5092, 'Semantic Tags', 'setmetadata', 'change_next_state.png', 'Managing semantic tags related to the current node.', 999, NULL, 0, NULL, 0),
(7450, 5103, 'Add new language', 'addlangxmlcontainer', 'add_language_xml.png', 'Add a document with a different language', 10, NULL, 0, '', 0),
(7451, 5103, 'Copy', 'copy', 'copiar_carpeta_ximdoc.png', 'Copy a document to another destination', 30, NULL, 0, '', 0),
(7452, 5103, 'Move node', 'movenode', 'move_node.png', 'Move a node', 35, NULL, 0, '', 0),
(7453, 5103, 'Change name of HTML document', 'renamenode', 'change_name_xml.png', 'Change the document name and all its language versions', 25, NULL, 0, '', 0),
(7454, 5103, 'Delete document', 'deletenode', 'delete_xml.png', 'Delete HTML document in all its languages', 90, NULL, 1, '', 0),
(7455, 5104, 'Edit metadata', 'metadata', 'add_xml.png', 'Manage metadata for HTML document', 82, NULL, 0, NULL, 0),
(7456, 5103, 'Modify properties', 'manageproperties', 'xix.png', 'Modify properties', 27, NULL, 0, NULL, 0),
(7457, 5103, 'Semantic Tags', 'setmetadata', 'change_next_state.png', 'Managing semantic tags related to the current node.', 81, NULL, 0, NULL, 0),
(7458, 5104, 'Edit HTML in text mode', 'edittext', 'edit_file_xml_txt.png', 'Edit content of HTML in plain text', 21, NULL, 0, 'type=text', 0),
(7459, 5104, 'Edit HTML document', 'xedit', 'edit_file_xml.png', 'Edit content of HTML document with the wysiwyg editor', 20, NULL, 0, 'type=html', 0),
(7460, 5104, 'Move to next state', 'workflow_forward', 'change_next_state.png', 'Move to the next state', 72, NULL, 0, NULL, 0),
(7461, 5104, 'Move to previous state', 'workflow_backward', 'change_last_state.png', 'Move to the previous state', 73, NULL, 0, NULL, 0),
(7462, 5104, 'Expire', 'expiredoc', 'expire_section.png', 'Expire a document', 76, NULL, 0, '', 0),
(7463, 5104, 'Version manager', 'manageversions', 'manage_versions.png', 'Manage repository of versions', 80, NULL, 0, '', 0),
(7464, 5104, 'Symbolic link', 'xmlsetlink', 'file_xml_symbolic.png', 'Modify document which borrows the content', 74, NULL, 0, '', 0),
(7465, 5104, 'Delete document', 'deletenode', 'delete_file_xml.png', 'Delete selected HTML document', 90, NULL, 1, '', 0),
(7466, 5104, 'Preview', 'preview', 'xix.png', 'Preview of the document', 65, NULL, 0, '', 0),
(7467, 5104, 'Semantic Tags', 'setmetadata', 'change_next_state.png', 'Managing semantic tags related to the current node.', 81, NULL, 0, NULL, 0),
(7470, 5108, 'Semantic Tags', 'setmetadata', 'change_next_state.png', 'Managing semantic tags related to the current node.', 999, NULL, 0, NULL, 0),
(7471, 5108, 'Delete view', 'deletenode', 'delete_template_view.png', 'Delete a HTML view', 75, NULL, 0, NULL, 0),
(7472, 5108, 'Edit view', 'edittext', 'edit_template_view.png', 'Edit a HTML view', 20, NULL, 0, NULL, 0),
(7473, 5108, 'Modify properties', 'renamenode', 'modiy_templateview', 'Modify properties of a HTML view', 60, NULL, 0, NULL, 0),
(7500, 5014, 'Publishing report', 'managebatchs', 'publicate_section.png', 'View documents in publishing queue', 100, NULL, 0, NULL, 0),
(8101, 5016, 'Publish section', 'publicatesection', 'publicate_section.png', 'Publish a section massively', 70, NULL, 1, '', 0),
(8102, 5017, 'Publish section', 'publicatesection', 'publicate_section.png', 'Publish a section massively', 70, NULL, 1, '', 0),
(8103, 5024, 'Publish section', 'publicatesection', 'publicate_section.png', 'Publish a section massively', 70, NULL, 1, '', 0),
(8104, 5025, 'Publish section', 'publicatesection', 'publicate_section.png', 'Publish a section massively', 70, NULL, 1, '', 0),
(8105, 5022, 'Publish section', 'publicatesection', 'publicate_section.png', 'Publish a section massively', 70, NULL, 1, '', 0),
(8106, 5023, 'Publish section', 'publicatesection', 'publicate_section.png', 'Publish a section massively', 70, NULL, 1, '', 0);
INSERT INTO `Actions` (`IdAction`, `IdNodeType`, `Name`, `Command`, `Icon`, `Description`, `Sort`, `Module`, `Multiple`, `Params`, `IsBulk`) VALUES
(8107, 5016, 'Download all images', 'filedownload_multiple', 'download_image.png', 'Download all images', 80, NULL, 0, '', 1),
(8108, 5017, 'Download all images', 'filedownload_multiple', 'download_image.png', 'Download all images', 80, NULL, 0, '', 1),
(8109, 5024, 'Download all style sheets', 'filedownload_multiple', 'download_file_css.png', 'Download all style sheets', 80, NULL, 0, '', 1),
(8110, 5025, 'Download all style sheets', 'filedownload_multiple', 'download_file_css.png', 'Download all style sheets', 80, NULL, 0, '', 1),
(8111, 5026, 'Download all templates', 'filedownload_multiple', 'download_template_ptd.png', 'Download all templates', 80, NULL, 0, '', 1),
(8112, 5053, 'Download all templates', 'filedownload_multiple', 'download_template_view.png', 'Download all templates', 80, NULL, 0, '', 1),
(8113, 5022, 'Download all files', 'filedownload_multiple', 'download_html_file.png', 'Download all files', 80, NULL, 0, '', 1),
(8114, 5023, 'Download all files', 'filedownload_multiple', 'download_html_file.png', 'Download all files', 80, NULL, 0, '', 1),
(8115, 5053, 'Add schemes', 'fileupload_common_multiple', 'add_template_pvd.png', 'Add a set of schemes to the server', 9, NULL, 0, 'type=pvd', 0),
(8116, 5014, 'Status Report', 'checkstatus', 'manage_versions.png', 'Status Report to inform the user', 95, NULL, 0, NULL, 0),
(8117, 5077, 'Change name', 'renamenode', 'modify_template_ptd.png', 'Change template name', 60, NULL, 0, '', 0),
(8118, 5077, 'Download template', 'filedownload', 'download_template_ptd.png', 'Download a template', 80, NULL, 0, '', 0),
(8119, 5077, 'Version manager', 'manageversions', 'manage_versions.png', 'Manage repository of versions', 73, NULL, 0, '', 0),
(8120, 5077, 'Move node', 'movenode', 'move_node.png', 'Move a node', 40, NULL, 1, '', 0),
(8121, 5026, 'Delete templates', 'deletetemplates', 'delete_template_ptd.png', 'Delete selected templates', 75, NULL, 0, '', 0),
(8122, 5022, 'Add empty file', 'newemptynode', 'add_file_common.png', 'Create a new empty file', 9, NULL, 0, '', 0),
(8123, 5023, 'Add empty file', 'newemptynode', 'add_file_common.png', 'Create a new empty file', 9, NULL, 0, '', 0),
(8124, 5024, 'Add empty stylesheet', 'newemptynode', 'add_file_common.png', 'Create a new empty file', 9, NULL, 0, '', 0),
(8125, 5025, 'Add empty stylesheet', 'newemptynode', 'add_file_common.png', 'Create a new empty file', 9, NULL, 0, '', 0),
(8126, 5026, 'Add empty XSL template', 'newemptynode', 'add_file_common.png', 'Create a new empty file', 9, NULL, 0, '', 0),
(8127, 5053, 'Add an empty RNG schema', 'newemptynode', 'add_file_common.png', 'Create a new empty file', 9, NULL, 0, '', 0),
(8128, 5020, 'Add empty file', 'newemptynode', 'add_file_common.png', 'Create a new empty file', 9, NULL, 0, '', 0),
(8129, 5021, 'Add empty file', 'newemptynode', 'add_file_common.png', 'Create a new empty file', 9, NULL, 0, '', 0),
(8132, 5031, 'Edit metadata', 'managemetadata', 'xix.png', 'Edit the metadata info', -20, NULL, 0, NULL, 0),
(8133, 5040, 'Edit metadata', 'managemetadata', 'xix.png', 'Edit the metadata info', -20, NULL, 0, NULL, 0),
(8134, 5039, 'Edit metadata', 'managemetadata', 'xix.png', 'Edit the metadata info', -20, NULL, 0, NULL, 0),
(8135, 5041, 'Edit metadata', 'managemetadata', 'xix.png', 'Edit the metadata info', -20, NULL, 0, NULL, 0),
(8136, 5082, 'Set allowed extensions', 'setextensions', 'modify_users.png', 'Set allowed extensions', 60, NULL, 0, NULL, 0),
(8137, 5081, 'Manage module', 'moduleslist', 'xix.png', 'Manage module', 60, NULL, 0, NULL, 0),
(9500, 5032, 'Expire', 'expiredoc', 'expire_section.png', 'Expire a document', 76, NULL, 0, '', 0),
(9501, 5016, 'Expire section', 'expiresection', 'expire_section.png', 'Expire a images root folder section massively', 71, NULL, 1, '', 0),
(9502, 5017, 'Expire section', 'expiresection', 'expire_section.png', 'Expire a images folder section massively', 71, NULL, 1, '', 0),
(9503, 5022, 'Expire section', 'expiresection', 'expire_section.png', 'Expire a common root folder section massively', 71, NULL, 1, '', 0),
(9504, 5023, 'Expire section', 'expiresection', 'expire_section.png', 'Expire a common folder section massively', 71, NULL, 1, '', 0),
(9505, 5024, 'Expire section', 'expiresection', 'expire_section.png', 'Expire a CSS root folder section massively', 71, NULL, 1, '', 0),
(9506, 5025, 'Expire section', 'expiresection', 'expire_section.png', 'Expire a CSS folder section massively', 71, NULL, 1, '', 0),
(9507, 5090, 'Expire section', 'expiresection', 'expire_section.png', 'Expire a JavaScript root folder section massively', 71, NULL, 1, '', 0),
(9508, 5091, 'Expire section', 'expiresection', 'expire_section.png', 'Expire a JavaScript folder section massively', 71, NULL, 1, '', 0),
(9509, 5110, 'Expire section', 'expiresection', 'expire_section.png', 'Expire a XOTF section massively', 71, NULL, 1, '', 0),
(9510, 5041, 'Edit metadata', 'metadata', 'add_xml.png', 'Manage metadata for binary file', 82, NULL, 0, '', 0),
(9516, 5032, 'Edit metadata', 'metadata', 'add_xml.png', 'Manage metadata for XML document', 82, NULL, 0, NULL, 0),
(9517, 5039, 'Edit metadata', 'metadata', 'add_xml.png', 'Manage metadata for text file', 82, NULL, 0, NULL, 0),
(9518, 5040, 'Edit metadata', 'metadata', 'add_xml.png', 'Manage metadata for image file', 82, NULL, 0, NULL, 0),
(9519, 5042, 'Edit metadata', 'metadata', 'add_xml.png', 'Manage metadata for video file', 82, NULL, 0, NULL, 0),
(9520, 5019, 'Add or update metadata', 'createmetadata', 'add_metadata.png', 'Add a new metadata to Ximdex', 10, NULL, 0, '', 0),
(9521, 5019, 'Associate metadata to groups', 'modifymetadatagroups', 'add_metadata.png', 'Associate metadata to sections groups', 10, NULL, 0, '', 0),
(9522, 5019, 'Associate node types to schemes', 'modifynodetypeschemes', 'add_metadata.png', 'Associate node types to metadata sections', 20, NULL, 0, '', 0),
(9523, 5042, 'Replace file', 'replacefile', 'add_file_common.png', 'Replace the video file for the current node', 62, NULL, 0, '', 0);

--
-- Table data for `ProgrammingLanguage`
--

INSERT INTO `ProgrammingLanguage` (`id`, `description`) VALUES
('asp', 'Active Server Pages'),
('html5', 'Hypertext Markup Language (Version 5)'),
('json', 'Javascript Object Notation'),
('jsp', 'Javaserver Pages'),
('php', 'PHP Hypertext Preprocessor'),
('rdf', 'Resource Description Framework'),
('ror', 'Ruby on Rails'),
('sql', 'Structured Query Language'),
('xif', 'Ximdex Index Format'),
('xml', 'eXtensible Markup Language');

--
-- Table data for `ProgrammingCommand`
--

INSERT INTO `ProgrammingCommand` (`id`, `description`) VALUES
('const', 'Constant definition'),
('echo', 'Output one variable value'),
('include', 'File or URL inclusion'),
('obgetclean', 'Get current buffer contents and delete current output buffer'),
('obstart', 'Turn on output buffering'),
('pathToCurrent', 'Path to current page'),
('sprintf1', 'Return a formatted string with one parameter'),
('sprintf2', 'Return a formatted string with two parameters'),
('var', 'Initialize a variable');

--
-- Table data for `ProgrammingCode`
--

INSERT INTO `ProgrammingCode` (`id`, `idLanguage`, `idCommand`, `code`) VALUES
(1, 'php', 'include', '<?php include \'%s\'; ?>'),
(2, 'php', 'var', '<?php $%s = \'%s\'; ?>'),
(3, 'php', 'obstart', '<?php ob_start(); ?>'),
(4, 'php', 'obgetclean', '<?php $%s = ob_get_clean(); ?>'),
(5, 'php', 'echo', '<?php echo $%s; ?>'),
(6, 'php', 'sprintf1', '<?php $%s = sprintf($%s, $%s); ?>'),
(7, 'php', 'sprintf2', '<?php $%s = sprintf($%s, $%s, $%s); ?>'),
(14, 'html5', 'pathToCurrent', '@@@RMximdex.pathto(THIS,,%s)@@@'),
(16, 'php', 'pathToCurrent', '<?php\r\n$url = \'@@@RMximdex.pathto(THIS,,%s)@@@\';\r\necho str_replace(basename($url), \'\', $url) . xim_path;\r\n?>'),
(17, 'php', 'const', '<?php\r\n$var = \'%s\';\r\nif (! defined($var)) {\r\n    define($var, \'%s\');\r\n}\r\n?>'),
(18, 'xif', 'pathToCurrent', '@@@RMximdex.pathto(THIS,,%s)@@@');

--
-- Table data for `Channels`
--

INSERT INTO `Channels` (`IdChannel`, `Name`, `Description`, `DefaultExtension`, `Format`, `Filter`, `RenderMode`, `OutputType`, `Default_Channel`, `RenderType`, `idLanguage`) VALUES
(10001, 'HTML', 'HyperText Markup Language', 'html', NULL, NULL, NULL, 'web', 1, 'static', 'html5'),
(10005, 'JSON', 'Javascript Object Notation', 'json', NULL, NULL, NULL, 'other', 0, 'static', 'json');

--
-- Table data for `Config`
--

INSERT INTO `Config` (`IdConfig`, `ConfigKey`, `ConfigValue`, `Description`) VALUES
(2, 'NodeRoot', '/data/nodes', NULL),
(3, 'TempRoot', '/data/tmp', NULL),
(4, 'SyncRoot', '/data/sync', NULL),
(5, 'FileRoot', '/data/files', NULL),
(65, 'UrlRoot', NULL, NULL),
(7, 'GeneralGroup', '101', NULL),
(8, 'ProjectsNode', '10000', NULL),
(10, 'EncodingTag', '<?xml version=\"1.0\" encoding=\"UTF-8\"?>', NULL),
(11, 'DoctypeTag', '<!DOCTYPE docxap [\n<!ENTITY Ntilde \"_MAPGENcode_Ntilde_\">\n<!ENTITY ntilde \"_MAPGENcode_ntilde_\">\n<!ENTITY aacute \"_MAPGENcode_aacute_\">\n<!ENTITY eacute \"_MAPGENcode_eacute_\">\n<!ENTITY iacute \"_MAPGENcode_iacute_\">\n<!ENTITY oacute \"_MAPGENcode_oacute_\">\n<!ENTITY uacute \"_MAPGENcode_uacute_\">\n<!ENTITY Aacute \"_MAPGENcode_Aacute_\">\n<!ENTITY Eacute \"_MAPGENcode_Eacute_\">\n<!ENTITY Iacute \"_MAPGENcode_Iacute_\">\n <!ENTITY Oacute \"_MAPGENcode_Oacute_\">\n<!ENTITY Uacute \"_MAPGENcode_Uacute_\">\n<!ENTITY agrave \"_MAPGENcode_agrave_\">\n <!ENTITY egrave \"_MAPGENcode_egrave_\">\n<!ENTITY igrave \"_MAPGENcode_igrave_\">\n <!ENTITY ograve \"_MAPGENcode_ograve_\">\n<!ENTITY ugrave \"_MAPGENcode_ugrave_\">\n<!ENTITY Agrave \"_MAPGENcode_Agrave_\">\n<!ENTITY Egrave \"_MAPGENcode_Egrave_\">\n<!ENTITY Igrave \"_MAPGENcode_Igrave_\">\n<!ENTITY Ograve \"_MAPGENcode_Ograve_\">\n<!ENTITY Ugrave \"_MAPGENcode_Ugrave_\">\n<!ENTITY auml   \"_MAPGENcode_auml_\">\n<!ENTITY euml   \"_MAPGENcode_euml_\">\n<!ENTITY iuml   \"_MAPGENcode_iuml_\">\n<!ENTITY ouml   \"_MAPGENcode_ouml_\">\n<!ENTITY uuml   \"_MAPGENcode_uuml_\">\n<!ENTITY Auml   \"_MAPGENcode_Auml_\">\n<!ENTITY Euml   \"_MAPGENcode_Euml_\">\n<!ENTITY Iuml   \"_MAPGENcode_Iuml_\">\n<!ENTITY Ouml   \"_MAPGENcode_Ouml_\">\n<!ENTITY Uuml   \"_MAPGENcode_Uuml_\">\n<!ENTITY Ccedil \"_MAPGENcode_Ccedil_\">\n<!ENTITY ccedil \"_MAPGENcode_ccedil_\">\n<!ENTITY ordf   \"_MAPGENcode_ordf_\">\n<!ENTITY ordm   \"_MAPGENcode_ordm_\">\n<!ENTITY iquest \"_MAPGENcode_iquest_\">\n<!ENTITY iexcl  \"_MAPGENcode_iexcl_\">\n<!ENTITY nbsp   \"_MAPGENcode_nbsp_\">\n<!ENTITY middot \"_MAPGENcode_middot_\">\n<!ENTITY acute  \"_MAPGENcode_acute_\">\n<!ENTITY copy  \"_MAPGENcode_copy_\">\n]>\n', NULL),
(12, 'DefaultLanguage', 'en', NULL),
(13, 'BlockExpireTime', '120', NULL),
(14, 'MaximunGapSizeTolerance', '180', NULL),
(16, 'SchemasDirName', 'schemes', NULL),
(17, 'TemplatesDirName', 'templates', NULL),
(18, 'PurgeSubversionsOnNewVersion', '1', NULL),
(19, 'MaxSubVersionsAllowed', '4', NULL),
(20, 'PreviewInServer', '0', NULL),
(21, 'PurgeVersionsOnNewVersion', '0', NULL),
(22, 'MaxVersionsAllowed', '3', NULL),
(64, 'ximid', NULL, NULL),
(24, 'VersionName', 'Ximdex 4.0', NULL),
(25, 'UTFLevel', '0', NULL),
(26, 'EmptyHrefCode', '/404.html', NULL),
(27, 'defaultRNG', NULL, NULL),
(28, 'defaultChannel', NULL, NULL),
(29, 'dexCache', NULL, NULL),
(30, 'PublishOnDisabledServers', NULL, NULL),
(31, 'defaultWebdavPVD', NULL, NULL),
(68, 'locale', 'en_US', NULL),
(33, 'displayEncoding', 'UTF-8', NULL),
(34, 'dbEncoding', 'UTF-8', NULL),
(35, 'dataEncoding', 'UTF-8', NULL),
(36, 'workingEncoding', 'UTF-8', NULL),
(37, 'ActionsStats', '0', NULL),
(38, 'IdDefaultWorkflow', '403', NULL),
(39, 'DefaultInitialStatus', 'Edition', NULL),
(40, 'DefaultFinalStatus', 'Publication', NULL),
(41, 'PullMode', '0', NULL),
(43, 'AddVersionUsesPool', '0', NULL),
(44, 'StructuralDeps', 'css,asset,script', NULL),
(45, 'xplorer', '1', NULL),
(46, 'SyncStats', '0', NULL),
(47, 'XslIncludesOnServer', '0', NULL),
(48, 'TokenTTL', '30', NULL),
(49, 'ApiIV', NULL, NULL),
(50, 'ApiKey', NULL, NULL),
(51, 'DevEnv', '1', NULL),
(52, 'PublishPathFormat', 'prefix', NULL),
(53, 'ChunksFolder', 'uploaded_files', NULL),
(54, 'UploadsFolder', 'uploaded_files', NULL),
(55, 'MaxItemsPerGroup', '50', NULL),
(56, 'DisableCache', '0', NULL),
(67, 'UrlHost', NULL, NULL),
(58, 'CacheRoot', '/data/cache', NULL),
(59, 'HTMLLayoutsDirName', 'layouts', NULL),
(60, 'HTMLComponentsDirName', 'components', NULL),
(61, 'HTMLViewsDirName', 'views', NULL),
(62, 'HTMLEditorURL', NULL, NULL),
(63, 'HTMLEditorEnabled', '0', NULL),
(84, 'UrlFrontController', NULL, NULL),
(72, 'EnricherKey', NULL, NULL),
(76, 'XmodulesRoot', '/xmodules', NULL),
(77, 'SchedulerPriority', 'portal', 'Select `portal` or `batchs`'),
(78, 'RenderizeAll', '0', 'Renderize all nodes in the data-nodes folder, not only the XLS template files.'),
(79, 'LogoText', NULL, NULL),
(80, 'Owner', NULL, 'Meta tag owner in html'),
(81, 'Generator', 'Ximdex CMS', 'HTML tag for generator'),
(82, 'xEditCleanFilters', '0', '1: active, 0: disabled'),
(83, 'SitemapInterval', '3600', NULL);

--
-- Table data for `DependenceTypes`
--

INSERT INTO `DependenceTypes` (`IdDepType`, `Type`) VALUES
(1, 'asset'),
(2, 'channel'),
(3, 'language'),
(4, 'schema'),
(5, 'symlink'),
(6, 'template'),
(7, 'ximlet'),
(8, 'ximlink');

--
-- Table data for `Encodes`
--

INSERT INTO `Encodes` (`IdEncode`, `Description`) VALUES
('ISO-8859-1', 'ISO-8859-1 Encoding'),
('UTF-8', 'UTF-8 Encoding');

--
-- Table data for `Groups`
--

INSERT INTO `Groups` (`IdGroup`, `Name`) VALUES
(101, 'General');

--
-- Table data for `IsoCodes`
--

INSERT INTO `IsoCodes` (`IdIsoCode`, `Iso2`, `Iso3`, `Name`, `NativeName`) VALUES
(1, 'fr', 'fra', 'French', 'Français'),
(2, 'it', 'ita', 'Italian', 'Italiano'),
(3, 'es', 'esp', 'Spanish', 'Español'),
(4, 'de', 'ger', 'German', 'Deutsch'),
(5, 'en', 'eng', 'English', 'English'),
(6, 'pt', 'pot', 'Portuguese', 'Português'),
(7, 'gl', 'glg', 'Galician', 'Galego'),
(8, 'ca', 'cat', 'Catalan', 'Català'),
(9, 'eu', 'eus', 'Basque', 'Euskara'),
(10, 'va', 'val', 'Valencian', 'Valencià');

--
-- Table data for `Languages`
--

INSERT INTO `Languages` (`IdLanguage`, `Name`, `IsoName`, `Enabled`) VALUES
(10002, 'Spanish', 'es', 1),
(10003, 'English', 'en', 1);

--
-- Table data for `Locales`
--

INSERT INTO `Locales` (`ID`, `Code`, `Name`, `Enabled`) VALUES
(1, 'es_ES', 'Spanish', 1),
(2, 'en_US', 'English', 1),
(3, 'de_DE', 'German', 0),
(4, 'pt_BR', 'Portuguese', 0),
(5, 'fr_FR', 'French', 0);

--
-- Table data for `Metadata`
--

INSERT INTO `Metadata` (`idMetadata`, `name`, `defaultValue`, `type`) VALUES
(1, 'date', '@@@MDximdex.curdate()@@@', 'date'),
(2, 'author', '@@@MDximdex.user()@@@', 'text'),
(3, 'language', 'en', 'text'),
(4, 'section', 'general', 'text'),
(5, 'image', NULL, 'image'),
(6, 'description', NULL, 'text'),
(7, 'keywords', NULL, 'text'),
(8, 'robots', NULL, 'text'),
(9, 'viewport', NULL, 'text'),
(11, 'title', '@@@MDximdex.curname(this)@@@', 'text');

--
-- Table data for `MetadataScheme`
--

INSERT INTO `MetadataScheme` (`idMetadataScheme`, `name`) VALUES
(1, 'General'),
(2, 'HTML');

--
-- Table data for `MetadataGroup`
--

INSERT INTO `MetadataGroup` (`idMetadataGroup`, `idMetadataScheme`, `name`) VALUES
(1, 1, 'General type metadata'),
(2, 2, 'Search engine optimization');

--
-- Table data for `NoActionsInNode`
--

INSERT INTO `NoActionsInNode` (`IdNode`, `IdAction`) VALUES
(101, 6096),
(101, 6108),
(201, 6109),
(301, 6003);

--
-- Table data for `NodeAllowedContents`
--

INSERT INTO `NodeAllowedContents` (`IdNodeAllowedContent`, `IdNodeType`, `NodeType`, `Amount`) VALUES
(9, 5055, 5055, 0),
(10, 5054, 5055, 0),
(11, 5018, 5032, 0),
(12, 5054, 5056, 0),
(13, 5015, 5054, 1),
(14, 5014, 5054, 1),
(15, 5020, 5076, 0),
(16, 5056, 5057, 0),
(17, 5031, 5032, 0),
(18, 5013, 5053, 1),
(19, 5014, 5015, 0),
(21, 5048, 5049, 0),
(22, 5048, 5048, 0),
(23, 5050, 5049, 0),
(24, 5050, 5048, 0),
(25, 5025, 5028, 0),
(26, 5025, 5025, 0),
(27, 5024, 5028, 0),
(28, 5024, 5025, 0),
(33, 5035, 5079, 0),
(34, 5053, 5078, 0),
(35, 5026, 5077, 0),
(36, 5023, 5041, 0),
(37, 5023, 5040, 0),
(38, 5023, 5039, 0),
(39, 5023, 5023, 0),
(40, 5022, 5041, 0),
(41, 5022, 5040, 0),
(42, 5022, 5039, 0),
(43, 5022, 5023, 0),
(44, 5021, 5021, 0),
(45, 5021, 5039, 0),
(46, 5020, 5021, 0),
(47, 5055, 5056, 0),
(48, 5021, 5076, 0),
(49, 5018, 5031, 0),
(50, 5017, 5039, 0),
(51, 5017, 5017, 0),
(52, 5017, 5040, 0),
(53, 5016, 5040, 0),
(54, 5016, 5017, 0),
(55, 5015, 5015, 0),
(56, 5015, 5020, 1),
(57, 5015, 5022, 1),
(58, 5015, 5026, 1),
(59, 5015, 5018, 1),
(60, 5015, 5016, 1),
(61, 5014, 5020, 1),
(62, 5014, 5022, 1),
(63, 5014, 5026, 1),
(64, 5014, 5018, 1),
(65, 5014, 5016, 1),
(66, 5014, 5024, 1),
(67, 5014, 5014, 0),
(68, 5013, 5050, 1),
(70, 5013, 5026, 1),
(71, 5013, 5014, 0),
(72, 5012, 5013, 0),
(73, 5035, 5036, 0),
(74, 5003, 5009, 0),
(75, 5007, 5008, 0),
(76, 5006, 5007, 0),
(77, 5005, 5010, 0),
(78, 5037, 5038, 0),
(79, 5030, 5034, 0),
(80, 5004, 5011, 0),
(81, 5029, 5033, 0),
(82, 5002, 5037, 1),
(83, 5002, 5035, 1),
(84, 5002, 5030, 1),
(85, 5002, 5029, 1),
(86, 5002, 5006, 1),
(87, 5002, 5005, 1),
(88, 5002, 5004, 1),
(89, 5002, 5003, 1),
(90, 5001, 5012, 1),
(91, 5001, 5002, 1),
(92, 5013, 5105, 0),
(93, 5014, 5105, 0),
(94, 5015, 5105, 0),
(95, 5105, 5101, 0),
(96, 5105, 5106, 0),
(97, 5105, 5100, 0),
(98, 5101, 5107, 0),
(99, 5106, 5108, 0),
(100, 5014, 5090, 1),
(101, 5090, 5091, 0),
(102, 5091, 5091, 0),
(103, 5090, 5092, 0),
(104, 5091, 5092, 0),
(105, 5018, 5103, 0),
(106, 5103, 5104, 0),
(107, 5014, 5110, 1),
(108, 5015, 5110, 1),
(109, 5110, 5023, 0),
(110, 5110, 5039, 0),
(111, 5110, 5040, 0),
(112, 5110, 5041, 0),
(113, 5022, 5042, 0),
(114, 5023, 5042, 0),
(116, 5014, 5111, 0);

--
-- Table data for `NodeConstructors`
--

INSERT INTO `NodeConstructors` (`IdNodeConstructor`, `IdNodeType`, `IdAction`) VALUES
(1, 5026, 6012),
(2, 5050, 6011),
(3, 5053, 6011),
(4, 5014, 6012),
(5, 5048, 6070),
(6, 5049, 6072),
(8, 5024, 6012),
(9, 5016, 6012),
(10, 5018, 6012),
(11, 5022, 6012),
(12, 5020, 6012),
(13, 5054, 6012),
(14, 5015, 6013),
(15, 5031, 6044),
(16, 5056, 6138),
(17, 5032, 6045),
(18, 5057, 6151),
(19, 5013, 6011),
(20, 5017, 6015),
(33, 5105, 6011),
(34, 5105, 6012),
(35, 5105, 6013),
(36, 5105, 6014),
(37, 5090, 6012),
(38, 5103, 7424),
(39, 5104, 7450),
(40, 5110, 6012),
(41, 5110, 6013),
(42, 5110, 6014);

--
-- Table data for `NodeDefaultContents`
--

INSERT INTO `NodeDefaultContents` (`IdNodeDefaultContent`, `IdNodeType`, `NodeType`, `Name`, `State`, `Params`) VALUES
(1, 5015, 5016, 'images', NULL, NULL),
(3, 5015, 5018, 'documents', NULL, NULL),
(4, 5015, 5026, 'templates', NULL, NULL),
(5, 5015, 5022, 'common', NULL, NULL),
(6, 5015, 5020, 'ximclude', NULL, NULL),
(7, 5014, 5024, 'css', NULL, NULL),
(8, 5014, 5016, 'images', NULL, NULL),
(10, 5014, 5018, 'documents', NULL, NULL),
(11, 5014, 5026, 'templates', NULL, NULL),
(12, 5014, 5022, 'common', NULL, NULL),
(13, 5014, 5020, 'ximclude', NULL, NULL),
(14, 5013, 5026, 'templates', NULL, NULL),
(16, 5013, 5050, 'links', NULL, NULL),
(17, 5013, 5053, 'schemes', NULL, NULL),
(18, 5014, 5054, 'ximlet', NULL, NULL),
(19, 5015, 5054, 'ximlet', NULL, NULL),
(21, 5013, 5105, 'layouts', NULL, NULL),
(22, 5014, 5105, 'layouts', NULL, NULL),
(23, 5015, 5105, 'layouts', NULL, NULL),
(24, 5105, 5101, 'components', NULL, NULL),
(25, 5105, 5106, 'views', NULL, NULL),
(26, 5014, 5090, 'js', NULL, NULL),
(27, 5014, 5110, 'xotf', NULL, NULL),
(28, 5015, 5110, 'xotf', NULL, NULL);

--
-- Table data for `NodeProperties`
--

INSERT INTO `NodeProperties` (`IdNodeProperty`, `IdNode`, `Property`, `Value`) VALUES
(1, 10000, 'Transformer', 'xslt');

--
-- Table data for `NodetypeModes`
--

INSERT INTO `NodetypeModes` (`id`, `IdNodeType`, `Mode`, `IdAction`) VALUES
(1, 5001, 'C', NULL),
(2, 5001, 'R', NULL),
(3, 5001, 'U', NULL),
(4, 5001, 'D', NULL),
(5, 5002, 'C', NULL),
(6, 5002, 'R', NULL),
(7, 5002, 'U', NULL),
(8, 5002, 'D', NULL),
(9, 5003, 'C', NULL),
(10, 5003, 'R', NULL),
(11, 5003, 'U', NULL),
(12, 5003, 'D', NULL),
(13, 5004, 'C', NULL),
(14, 5004, 'R', NULL),
(15, 5004, 'U', NULL),
(16, 5004, 'D', NULL),
(17, 5005, 'C', NULL),
(18, 5005, 'R', NULL),
(19, 5005, 'U', NULL),
(20, 5005, 'D', NULL),
(21, 5006, 'C', NULL),
(22, 5006, 'R', NULL),
(23, 5006, 'U', NULL),
(24, 5006, 'D', NULL),
(25, 5007, 'C', NULL),
(26, 5007, 'R', NULL),
(27, 5007, 'U', NULL),
(28, 5007, 'D', NULL),
(29, 5008, 'C', NULL),
(30, 5008, 'R', NULL),
(31, 5008, 'U', NULL),
(32, 5008, 'D', NULL),
(33, 5009, 'C', NULL),
(34, 5009, 'R', NULL),
(35, 5009, 'U', NULL),
(36, 5009, 'D', NULL),
(37, 5010, 'C', NULL),
(38, 5010, 'R', NULL),
(39, 5010, 'U', NULL),
(40, 5010, 'D', NULL),
(41, 5011, 'C', NULL),
(42, 5011, 'R', NULL),
(43, 5011, 'U', NULL),
(44, 5011, 'D', NULL),
(45, 5012, 'C', NULL),
(46, 5012, 'R', NULL),
(47, 5012, 'U', NULL),
(48, 5012, 'D', NULL),
(49, 5013, 'C', 6011),
(50, 5013, 'R', NULL),
(51, 5013, 'U', 6026),
(52, 5013, 'D', 6034),
(53, 5014, 'C', 6012),
(54, 5014, 'R', NULL),
(55, 5014, 'U', 6027),
(56, 5014, 'D', 6035),
(57, 5015, 'C', 6013),
(58, 5015, 'R', NULL),
(59, 5015, 'U', 6025),
(60, 5015, 'D', 6036),
(61, 5016, 'C', NULL),
(62, 5016, 'R', NULL),
(63, 5016, 'U', NULL),
(64, 5016, 'D', NULL),
(65, 5017, 'C', 6015),
(66, 5017, 'R', NULL),
(67, 5017, 'U', 6028),
(68, 5017, 'D', 6037),
(69, 5018, 'C', NULL),
(70, 5018, 'R', NULL),
(71, 5018, 'U', NULL),
(72, 5018, 'D', NULL),
(73, 5020, 'C', NULL),
(74, 5020, 'R', NULL),
(75, 5020, 'U', NULL),
(76, 5020, 'D', NULL),
(78, 5021, 'R', NULL),
(79, 5021, 'U', 6030),
(80, 5021, 'D', 6039),
(81, 5022, 'C', NULL),
(82, 5022, 'R', NULL),
(83, 5022, 'U', NULL),
(84, 5022, 'D', NULL),
(85, 5023, 'C', 6020),
(86, 5023, 'R', NULL),
(87, 5023, 'U', 6031),
(88, 5023, 'D', 6040),
(89, 5024, 'C', NULL),
(90, 5024, 'R', NULL),
(91, 5024, 'U', NULL),
(92, 5024, 'D', NULL),
(93, 5025, 'C', 6022),
(94, 5025, 'R', NULL),
(95, 5025, 'U', 6032),
(96, 5025, 'D', 6041),
(97, 5026, 'C', NULL),
(98, 5026, 'R', NULL),
(99, 5026, 'U', NULL),
(100, 5026, 'D', NULL),
(102, 5028, 'R', NULL),
(103, 5028, 'U', 6105),
(104, 5028, 'D', 6106),
(105, 5029, 'C', NULL),
(106, 5029, 'R', NULL),
(107, 5029, 'U', NULL),
(108, 5029, 'D', NULL),
(109, 5030, 'C', NULL),
(110, 5030, 'R', NULL),
(111, 5030, 'U', NULL),
(112, 5030, 'D', NULL),
(113, 5031, 'C', 6044),
(114, 5031, 'R', NULL),
(115, 5031, 'U', 6045),
(116, 5031, 'D', 6063),
(117, 5032, 'C', 6045),
(118, 5032, 'R', NULL),
(119, 5032, 'U', 6136),
(120, 5032, 'D', 6134),
(121, 5033, 'C', 6048),
(122, 5033, 'R', NULL),
(123, 5033, 'U', 6095),
(124, 5033, 'D', 6107),
(125, 5034, 'C', 6047),
(126, 5034, 'R', NULL),
(127, 5034, 'U', 6097),
(128, 5034, 'D', 6102),
(129, 5035, 'C', NULL),
(130, 5035, 'R', NULL),
(131, 5035, 'U', NULL),
(132, 5035, 'D', NULL),
(133, 5036, 'C', NULL),
(134, 5036, 'R', NULL),
(135, 5036, 'U', NULL),
(136, 5036, 'D', NULL),
(137, 5037, 'C', NULL),
(138, 5037, 'R', NULL),
(139, 5037, 'U', NULL),
(140, 5037, 'D', NULL),
(141, 5038, 'C', NULL),
(142, 5038, 'R', NULL),
(143, 5038, 'U', NULL),
(144, 5038, 'D', NULL),
(146, 5039, 'R', NULL),
(147, 5039, 'U', 6094),
(148, 5039, 'D', 6088),
(150, 5040, 'R', NULL),
(151, 5040, 'U', 6085),
(152, 5040, 'D', 6086),
(154, 5041, 'R', NULL),
(155, 5041, 'U', 6083),
(156, 5041, 'D', 6084),
(157, 5043, 'C', NULL),
(158, 5043, 'R', NULL),
(159, 5043, 'U', NULL),
(160, 5043, 'D', NULL),
(169, 5048, 'C', 6069),
(170, 5048, 'R', NULL),
(171, 5048, 'U', 6118),
(172, 5048, 'D', 6119),
(173, 5049, 'C', 6071),
(174, 5049, 'R', NULL),
(175, 5049, 'U', 6073),
(176, 5049, 'D', 6120),
(177, 5050, 'C', NULL),
(178, 5050, 'R', NULL),
(179, 5050, 'U', NULL),
(180, 5050, 'D', NULL),
(181, 5053, 'C', NULL),
(182, 5053, 'R', NULL),
(183, 5053, 'U', NULL),
(184, 5053, 'D', NULL),
(185, 5054, 'C', NULL),
(186, 5054, 'R', NULL),
(187, 5054, 'U', NULL),
(188, 5054, 'D', NULL),
(189, 5055, 'C', 6137),
(190, 5055, 'R', NULL),
(191, 5055, 'U', 6142),
(192, 5055, 'D', 6141),
(193, 5056, 'C', 6138),
(194, 5056, 'R', NULL),
(195, 5056, 'U', 6153),
(196, 5056, 'D', 6152),
(197, 5057, 'C', 6151),
(198, 5057, 'R', NULL),
(199, 5057, 'U', 6157),
(200, 5057, 'D', 6155),
(201, 5058, 'C', NULL),
(202, 5058, 'R', NULL),
(203, 5058, 'U', NULL),
(204, 5058, 'D', NULL),
(205, 5059, 'C', NULL),
(206, 5059, 'R', NULL),
(207, 5059, 'U', NULL),
(208, 5059, 'D', NULL),
(209, 5060, 'C', NULL),
(210, 5060, 'R', NULL),
(211, 5060, 'U', NULL),
(212, 5060, 'D', NULL),
(213, 5061, 'C', NULL),
(214, 5061, 'R', NULL),
(215, 5061, 'U', NULL),
(216, 5061, 'D', NULL),
(221, 5063, 'C', NULL),
(222, 5063, 'R', NULL),
(223, 5063, 'U', NULL),
(224, 5063, 'D', NULL),
(233, 5066, 'C', NULL),
(234, 5066, 'R', NULL),
(235, 5066, 'U', NULL),
(236, 5066, 'D', NULL),
(241, 5068, 'C', NULL),
(242, 5068, 'R', NULL),
(243, 5068, 'U', NULL),
(244, 5068, 'D', NULL),
(274, 5076, 'R', NULL),
(275, 5076, 'U', 6229),
(276, 5076, 'D', 6232),
(289, 5090, 'C', NULL),
(290, 5090, 'R', NULL),
(291, 5090, 'U', NULL),
(292, 5090, 'D', NULL),
(293, 5091, 'C', 7432),
(294, 5091, 'R', NULL),
(295, 5091, 'U', 7435),
(296, 5091, 'D', 7437),
(297, 5092, 'R', NULL),
(298, 5092, 'U', 7440),
(299, 5092, 'D', 7447),
(281, 5101, 'C', NULL),
(282, 5101, 'R', NULL),
(283, 5101, 'U', NULL),
(284, 5101, 'D', NULL),
(300, 5103, 'C', 7424),
(301, 5103, 'R', NULL),
(302, 5103, 'U', 7450),
(303, 5103, 'D', 7454),
(304, 5104, 'C', 7450),
(305, 5104, 'R', NULL),
(306, 5104, 'U', 7458),
(307, 5104, 'D', 7465),
(277, 5105, 'C', NULL),
(278, 5105, 'R', NULL),
(279, 5105, 'U', NULL),
(280, 5105, 'D', NULL),
(285, 5106, 'C', NULL),
(286, 5106, 'R', NULL),
(287, 5106, 'U', NULL),
(288, 5106, 'D', NULL),
(308, 5110, 'C', NULL),
(309, 5110, 'R', NULL),
(310, 5110, 'U', NULL),
(311, 5110, 'D', NULL);

--
-- Table data for `Permissions`
--

INSERT INTO `Permissions` (`IdPermission`, `Name`, `Description`) VALUES
(1001, 'View all nodes', 'View all the nodes'),
(1002, 'Delete on cascade', 'Multi-section deletion'),
(1003, 'Receive integrity checks', 'Receive the integrity checks'),
(1004, 'Delete_frames', 'Delete publication windows'),
(1005, 'view_publication_resume', 'View publication report'),
(1006, 'Expert_mode_allowed', 'Expert mode edition'),
(1007, 'Ximdex_close', 'Ximdex controlled closing'),
(1008, 'Structural_publication', 'Publication without structure'),
(1009, 'Advanced_publication', 'Advanced publication'),
(1010, 'Ximedit_publication_allowed', 'Publication from editor');

--
-- Table data for `Protocols`
--

INSERT INTO `Protocols` (`IdProtocol`, `DefaultPort`, `Description`, `UsePassword`) VALUES
('API', 80, 'Aplication Program Interface', 0),
('FTP', 21, 'FTP synchronization', 1),
('LOCAL', NULL, 'Local synchronization', 0),
('SSH', 22, 'Secure transfer protocol (ssh)', 1);

--
-- Table data for `RelGroupsNodes`
--

INSERT INTO `RelGroupsNodes` (`IdRel`, `IdGroup`, `IdNode`, `IdRole`) VALUES
(1, 101, 2, NULL),
(2, 101, 10000, NULL);

--
-- Table data for `RelMetadataGroupMetadata`
--

INSERT INTO `RelMetadataGroupMetadata` (`idRelMetadataGroupMetadata`, `idMetadataGroup`, `idMetadata`, `required`, `readonly`, `enabled`) VALUES
(1, 1, 1, 1, 1, 1),
(2, 1, 2, 1, 1, 1),
(3, 1, 3, 1, 1, 1),
(4, 1, 4, 1, 1, 1),
(6, 2, 6, 1, 0, 1),
(7, 2, 7, 1, 0, 1),
(8, 2, 8, 1, 0, 1),
(9, 2, 9, 1, 0, 1),
(47, 1, 11, 1, 0, 1);

--
-- Table data for `RelMetadataSchemeNodeType`
--

INSERT INTO `RelMetadataSchemeNodeType` (`idMetadataScheme`, `idNodeType`) VALUES
(1, 5032),
(1, 5040),
(1, 5041),
(1, 5104),
(2, 5032),
(2, 5104);

--
-- Table data for `RelNodeTypeMimeType`
--

INSERT INTO `RelNodeTypeMimeType` (`idRelNodeTypeMimeType`, `idNodeType`, `extension`, `filter`) VALUES
(19, 5018, ';xml;', 'xml'),
(28, 5028, ';css;', 'css'),
(39, 5039, ';txt;js;json;coffee;css;scss;php;asp;aspx;', NULL),
(40, 5040, ';jpeg;jpg;gif;png;ico;bmp;svg;', 'image'),
(41, 5041, '*', NULL),
(76, 5076, ';ht;html;htm;xhtml;', 'html'),
(147, 5077, ';xsl;', 'ptd'),
(151, 5078, ';xml;', 'pvd'),
(153, 5101, ';json;', 'json'),
(154, 5106, ';html;', 'html'),
(155, 5100, ';json;', 'json'),
(156, 5107, ';json;', 'json'),
(157, 5108, ';html;', 'html'),
(160, 5092, ';js;', 'js'),
(162, 5042, ';mp4;avi;wmv;3gp;mkv;flv;mov;', 'video');

--
-- Table data for `Roles`
--

INSERT INTO `Roles` (`IdRole`, `Name`, `Icon`, `Description`) VALUES
(201, 'Administrator', NULL, 'Main administrator'),
(202, 'Editor', NULL, 'Editor user'),
(203, 'Publisher', NULL, 'Publisher user');

--
-- Table data for `WorkflowStatus`
--

INSERT INTO `WorkflowStatus` (`id`, `name`, `description`, `action`, `sort`, `workflowId`) VALUES
(7, 'Edition', 'The document is in the development phase', NULL, 0, NULL),
(8, 'Publication', 'The document is waiting to be published', NULL, 100, NULL);

--
-- Table data for `RelRolesActions`
--

INSERT INTO `RelRolesActions` (`IdRel`, `IdRol`, `IdAction`, `IdState`) VALUES
(11485, 201, 6001, NULL),
(11552, 201, 6002, NULL),
(11553, 201, 6003, NULL),
(11341, 201, 6005, NULL),
(11196, 201, 6006, NULL),
(11546, 201, 6007, NULL),
(11344, 201, 6010, NULL),
(11419, 201, 6011, NULL),
(11531, 201, 6012, NULL),
(11143, 201, 6013, NULL),
(11540, 201, 6014, NULL),
(11381, 201, 6015, NULL),
(11266, 201, 6016, NULL),
(11391, 201, 6018, NULL),
(11281, 201, 6019, NULL),
(11354, 201, 6020, NULL),
(11107, 201, 6021, NULL),
(11364, 201, 6022, NULL),
(11162, 201, 6023, NULL),
(11543, 201, 6025, NULL),
(11532, 201, 6026, NULL),
(11146, 201, 6027, NULL),
(11269, 201, 6028, NULL),
(11284, 201, 6030, NULL),
(11111, 201, 6031, NULL),
(11164, 201, 6032, NULL),
(11535, 201, 6034, NULL),
(11151, 201, 6035, NULL),
(11549, 201, 6036, NULL),
(11272, 201, 6037, NULL),
(11285, 201, 6039, NULL),
(11114, 201, 6040, NULL),
(11167, 201, 6041, NULL),
(11371, 201, 6043, NULL),
(11372, 201, 6044, NULL),
(11132, 201, 6045, NULL),
(11512, 201, 6046, NULL),
(11331, 201, 6047, NULL),
(11101, 201, 6048, NULL),
(11082, 201, 6049, 7),
(11083, 201, 6049, 8),
(11254, 201, 6050, 7),
(11255, 201, 6050, 8),
(11476, 201, 6051, 7),
(11477, 201, 6051, 8),
(11256, 201, 6052, 7),
(11257, 201, 6052, 8),
(11139, 201, 6063, NULL),
(11133, 201, 6064, NULL),
(11592, 201, 6065, 7),
(11593, 201, 6065, 8),
(11060, 201, 6067, NULL),
(11404, 201, 6069, NULL),
(11092, 201, 6070, NULL),
(11403, 201, 6071, NULL),
(11091, 201, 6072, NULL),
(11518, 201, 6073, NULL),
(11545, 201, 6074, NULL),
(11342, 201, 6081, NULL),
(11513, 201, 6082, NULL),
(11068, 201, 6083, 7),
(11069, 201, 6083, 8),
(11080, 201, 6084, 7),
(11081, 201, 6084, 8),
(11240, 201, 6085, 7),
(11241, 201, 6085, 8),
(11252, 201, 6086, 7),
(11253, 201, 6086, 8),
(11464, 201, 6087, 7),
(11465, 201, 6087, 8),
(11474, 201, 6088, 7),
(11475, 201, 6088, 8),
(11458, 201, 6094, 7),
(11459, 201, 6094, 8),
(11099, 201, 6095, NULL),
(11482, 201, 6096, NULL),
(11329, 201, 6097, NULL),
(11598, 201, 6098, 7),
(11599, 201, 6098, 8),
(11600, 201, 6099, 7),
(11601, 201, 6099, 8),
(11483, 201, 6101, NULL),
(11330, 201, 6102, NULL),
(11429, 201, 6103, 7),
(11430, 201, 6103, 8),
(11443, 201, 6104, 7),
(11444, 201, 6104, 8),
(11423, 201, 6105, 7),
(11424, 201, 6105, 8),
(11441, 201, 6106, 7),
(11442, 201, 6106, 8),
(11100, 201, 6107, NULL),
(11484, 201, 6108, NULL),
(11343, 201, 6109, NULL),
(11096, 201, 6118, NULL),
(11097, 201, 6119, NULL),
(11521, 201, 6120, NULL),
(11514, 201, 6121, NULL),
(11534, 201, 6122, NULL),
(11148, 201, 6123, NULL),
(11149, 201, 6125, NULL),
(11466, 201, 6126, 7),
(11467, 201, 6126, 8),
(11472, 201, 6127, 7),
(11473, 201, 6127, 8),
(11072, 201, 6128, 7),
(11073, 201, 6128, 8),
(11078, 201, 6129, 7),
(11079, 201, 6129, 8),
(11244, 201, 6130, 7),
(11245, 201, 6130, 8),
(11250, 201, 6131, 7),
(11251, 201, 6131, 8),
(11433, 201, 6132, 7),
(11434, 201, 6132, 8),
(11439, 201, 6133, 7),
(11440, 201, 6133, 8),
(11612, 201, 6134, 7),
(11613, 201, 6134, 8),
(11602, 201, 6135, 7),
(11603, 201, 6135, 8),
(11594, 201, 6136, 7),
(11595, 201, 6136, 8),
(11348, 201, 6137, NULL),
(11347, 201, 6138, NULL),
(11587, 201, 6139, NULL),
(11586, 201, 6140, NULL),
(11590, 201, 6141, NULL),
(11589, 201, 6142, NULL),
(11606, 201, 6143, 7),
(11607, 201, 6143, 8),
(11246, 201, 6144, 7),
(11247, 201, 6144, 8),
(11074, 201, 6145, 7),
(11075, 201, 6145, 8),
(11435, 201, 6146, 7),
(11436, 201, 6146, 8),
(11384, 201, 6147, NULL),
(11468, 201, 6148, 7),
(11469, 201, 6148, 8),
(11273, 201, 6149, NULL),
(11566, 201, 6150, 7),
(11567, 201, 6150, 8),
(11577, 201, 6151, NULL),
(11581, 201, 6152, NULL),
(11580, 201, 6153, NULL),
(11558, 201, 6154, 7),
(11559, 201, 6154, 8),
(11570, 201, 6155, 7),
(11571, 201, 6155, 8),
(11568, 201, 6156, 7),
(11569, 201, 6156, 8),
(11560, 201, 6157, 7),
(11561, 201, 6157, 8),
(11145, 201, 6170, NULL),
(11542, 201, 6171, NULL),
(11268, 201, 6172, NULL),
(11283, 201, 6173, NULL),
(11109, 201, 6174, NULL),
(11427, 201, 6175, 7),
(11428, 201, 6175, 8),
(11136, 201, 6176, NULL),
(11462, 201, 6177, 7),
(11463, 201, 6177, 8),
(11238, 201, 6178, 7),
(11239, 201, 6178, 8),
(11066, 201, 6179, 7),
(11067, 201, 6179, 8),
(11094, 201, 6181, NULL),
(11520, 201, 6182, NULL),
(11579, 201, 6183, NULL),
(11547, 201, 6184, NULL),
(11524, 201, 6190, NULL),
(11526, 201, 6191, NULL),
(11528, 201, 6192, NULL),
(11523, 201, 6193, NULL),
(11525, 201, 6194, NULL),
(11150, 201, 6202, NULL),
(11548, 201, 6204, NULL),
(11550, 201, 6205, NULL),
(11219, 201, 6227, NULL),
(11226, 201, 6228, NULL),
(11220, 201, 6229, NULL),
(11223, 201, 6230, NULL),
(11224, 201, 6231, NULL),
(11225, 201, 6232, NULL),
(11222, 201, 6233, NULL),
(11390, 201, 6236, NULL),
(11280, 201, 6237, NULL),
(11380, 201, 6343, NULL),
(11265, 201, 6344, NULL),
(11412, 201, 6345, NULL),
(11353, 201, 6346, NULL),
(11106, 201, 6347, NULL),
(11363, 201, 6348, NULL),
(11161, 201, 6349, NULL),
(11070, 201, 6350, 7),
(11071, 201, 6350, 8),
(11242, 201, 6351, 7),
(11243, 201, 6351, 8),
(11431, 201, 6352, 7),
(11432, 201, 6352, 8),
(11295, 201, 6353, 7),
(11296, 201, 6353, 8),
(11596, 201, 6385, 7),
(11597, 201, 6385, 8),
(11418, 201, 6500, NULL),
(11530, 201, 6501, NULL),
(11401, 201, 6502, NULL),
(11089, 201, 6503, NULL),
(11351, 201, 6504, NULL),
(11103, 201, 6505, NULL),
(11361, 201, 6506, NULL),
(11158, 201, 6507, NULL),
(11379, 201, 6508, NULL),
(11263, 201, 6509, NULL),
(11388, 201, 6510, NULL),
(11277, 201, 6511, NULL),
(11370, 201, 6512, NULL),
(11130, 201, 6513, NULL),
(11346, 201, 6514, NULL),
(11584, 201, 6515, NULL),
(11575, 201, 6516, NULL),
(11141, 201, 6517, NULL),
(11538, 201, 6518, NULL),
(11189, 201, 6519, NULL),
(11409, 201, 6520, NULL),
(11417, 201, 6550, NULL),
(11529, 201, 6551, NULL),
(11400, 201, 6552, NULL),
(11088, 201, 6553, NULL),
(11350, 201, 6554, NULL),
(11102, 201, 6555, NULL),
(11360, 201, 6556, NULL),
(11157, 201, 6557, NULL),
(11378, 201, 6558, NULL),
(11262, 201, 6559, NULL),
(11387, 201, 6560, NULL),
(11276, 201, 6561, NULL),
(11369, 201, 6562, NULL),
(11129, 201, 6563, NULL),
(11345, 201, 6564, NULL),
(11583, 201, 6565, NULL),
(11574, 201, 6566, NULL),
(11140, 201, 6567, NULL),
(11537, 201, 6568, NULL),
(11188, 201, 6569, NULL),
(11408, 201, 6570, NULL),
(11402, 201, 6601, NULL),
(11090, 201, 6602, NULL),
(11104, 201, 6604, NULL),
(11159, 201, 6606, NULL),
(11264, 201, 6608, NULL),
(11278, 201, 6610, NULL),
(11131, 201, 6612, NULL),
(11585, 201, 6614, NULL),
(11576, 201, 6615, NULL),
(11516, 201, 6616, NULL),
(11556, 201, 6617, 7),
(11557, 201, 6617, 8),
(11142, 201, 6619, NULL),
(11539, 201, 6620, NULL),
(11190, 201, 6621, NULL),
(11410, 201, 6622, NULL),
(11454, 201, 6626, 7),
(11455, 201, 6626, 8),
(11232, 201, 6627, 7),
(11233, 201, 6627, 8),
(11062, 201, 6628, 7),
(11063, 201, 6628, 8),
(11421, 201, 6629, 7),
(11422, 201, 6629, 8),
(11420, 201, 6911, NULL),
(11536, 201, 6912, NULL),
(11152, 201, 6913, NULL),
(11551, 201, 6914, NULL),
(11386, 201, 6915, NULL),
(11275, 201, 6916, NULL),
(11377, 201, 6917, NULL),
(11392, 201, 6918, NULL),
(11286, 201, 6919, NULL),
(11359, 201, 6920, NULL),
(11116, 201, 6921, NULL),
(11368, 201, 6922, NULL),
(11169, 201, 6923, NULL),
(11416, 201, 6924, NULL),
(11445, 201, 6925, 7),
(11446, 201, 6925, 8),
(11138, 201, 6928, NULL),
(11608, 201, 6929, 7),
(11609, 201, 6929, 8),
(11515, 201, 6933, NULL),
(11478, 201, 6936, 7),
(11479, 201, 6936, 8),
(11258, 201, 6937, 7),
(11259, 201, 6937, 8),
(11084, 201, 6938, 7),
(11085, 201, 6938, 8),
(11335, 201, 6939, NULL),
(11128, 201, 6940, NULL),
(11098, 201, 6942, NULL),
(11522, 201, 6943, NULL),
(11407, 201, 6944, NULL),
(11195, 201, 6945, NULL),
(11349, 201, 6946, NULL),
(11591, 201, 6947, NULL),
(11582, 201, 6948, NULL),
(11572, 201, 6949, 7),
(11573, 201, 6949, 8),
(11336, 201, 6951, NULL),
(11186, 201, 6954, NULL),
(11170, 201, 6957, NULL),
(11187, 201, 6959, NULL),
(11227, 201, 6960, NULL),
(11453, 201, 6961, NULL),
(11340, 201, 6962, NULL),
(11118, 201, 6965, NULL),
(11564, 201, 7016, 7),
(11565, 201, 7016, 8),
(11236, 201, 7200, 7),
(11237, 201, 7200, 8),
(11267, 201, 7201, NULL),
(11144, 201, 7203, NULL),
(11282, 201, 7206, NULL),
(11108, 201, 7208, NULL),
(11163, 201, 7210, NULL),
(11413, 201, 7211, NULL),
(11425, 201, 7212, 7),
(11426, 201, 7212, 8),
(11135, 201, 7213, NULL),
(11460, 201, 7215, 7),
(11461, 201, 7215, 8),
(11064, 201, 7216, 7),
(11065, 201, 7216, 8),
(11093, 201, 7217, NULL),
(11519, 201, 7218, NULL),
(11405, 201, 7219, NULL),
(11588, 201, 7221, NULL),
(11578, 201, 7222, NULL),
(11562, 201, 7223, 7),
(11563, 201, 7223, 8),
(11221, 201, 7224, NULL),
(11541, 201, 7225, NULL),
(11193, 201, 7226, NULL),
(11154, 201, 7228, NULL),
(11095, 201, 7229, NULL),
(11517, 201, 7230, NULL),
(11406, 201, 7231, NULL),
(11554, 201, 7236, 7),
(11555, 201, 7236, 8),
(11375, 201, 7240, NULL),
(11124, 201, 7241, NULL),
(11376, 201, 7250, NULL),
(11125, 201, 7251, NULL),
(11137, 201, 7252, NULL),
(11156, 201, 7253, NULL),
(11504, 201, 7254, 7),
(11505, 201, 7254, 8),
(11506, 201, 7255, 7),
(11507, 201, 7255, 8),
(11490, 201, 7256, 7),
(11491, 201, 7256, 8),
(11502, 201, 7257, 7),
(11503, 201, 7257, 8),
(11494, 201, 7258, 7),
(11495, 201, 7258, 8),
(11496, 201, 7259, 7),
(11497, 201, 7259, 8),
(11498, 201, 7260, 7),
(11499, 201, 7260, 8),
(11488, 201, 7261, 7),
(11489, 201, 7261, 8),
(11508, 201, 7262, 7),
(11509, 201, 7262, 8),
(11486, 201, 7263, 7),
(11487, 201, 7263, 8),
(11500, 201, 7264, 7),
(11501, 201, 7264, 8),
(11470, 201, 7265, 7),
(11471, 201, 7265, 8),
(11076, 201, 7266, 7),
(11077, 201, 7266, 8),
(11248, 201, 7267, 7),
(11249, 201, 7267, 8),
(11437, 201, 7268, 7),
(11438, 201, 7268, 8),
(11303, 201, 7269, 7),
(11304, 201, 7269, 8),
(11451, 201, 7305, NULL),
(11447, 201, 7306, NULL),
(11533, 201, 7307, NULL),
(11147, 201, 7308, NULL),
(11544, 201, 7309, NULL),
(11374, 201, 7310, NULL),
(11134, 201, 7311, NULL),
(11355, 201, 7312, NULL),
(11110, 201, 7313, NULL),
(11339, 201, 7318, NULL),
(11337, 201, 7319, NULL),
(11338, 201, 7321, NULL),
(11328, 201, 7400, NULL),
(11327, 201, 7401, NULL),
(11325, 201, 7402, NULL),
(11326, 201, 7403, NULL),
(11176, 201, 7404, NULL),
(11177, 201, 7405, NULL),
(11178, 201, 7406, NULL),
(11179, 201, 7407, NULL),
(11180, 201, 7408, NULL),
(11324, 201, 7409, NULL),
(11323, 201, 7410, NULL),
(11321, 201, 7411, NULL),
(11322, 201, 7412, NULL),
(11175, 201, 7413, NULL),
(11173, 201, 7414, NULL),
(11174, 201, 7415, NULL),
(11171, 201, 7416, NULL),
(11172, 201, 7417, NULL),
(11185, 201, 7418, NULL),
(11183, 201, 7419, NULL),
(11184, 201, 7420, NULL),
(11181, 201, 7421, NULL),
(11182, 201, 7422, NULL),
(11373, 201, 7424, NULL),
(11395, 201, 7425, NULL),
(11394, 201, 7426, NULL),
(11399, 201, 7427, NULL),
(11396, 201, 7428, NULL),
(11398, 201, 7429, NULL),
(11393, 201, 7430, NULL),
(11312, 201, 7431, NULL),
(11313, 201, 7432, NULL),
(11311, 201, 7433, NULL),
(11314, 201, 7434, NULL),
(11315, 201, 7435, NULL),
(11316, 201, 7436, NULL),
(11318, 201, 7437, NULL),
(11319, 201, 7438, NULL),
(11320, 201, 7439, NULL),
(11287, 201, 7440, 7),
(11288, 201, 7440, 8),
(11289, 201, 7441, 7),
(11290, 201, 7441, 8),
(11291, 201, 7442, 7),
(11292, 201, 7442, 8),
(11293, 201, 7443, 7),
(11294, 201, 7443, 8),
(11297, 201, 7444, 7),
(11298, 201, 7444, 8),
(11299, 201, 7445, 7),
(11300, 201, 7445, 8),
(11301, 201, 7446, 7),
(11302, 201, 7446, 8),
(11305, 201, 7447, 7),
(11306, 201, 7447, 8),
(11307, 201, 7448, 7),
(11308, 201, 7448, 8),
(11309, 201, 7449, 7),
(11310, 201, 7449, 8),
(11119, 201, 7450, NULL),
(11122, 201, 7451, NULL),
(11123, 201, 7452, NULL),
(11120, 201, 7453, NULL),
(11127, 201, 7454, NULL),
(11215, 201, 7455, 7),
(11216, 201, 7455, 8),
(11121, 201, 7456, NULL),
(11126, 201, 7457, NULL),
(11199, 201, 7458, 7),
(11200, 201, 7458, 8),
(11197, 201, 7459, 7),
(11198, 201, 7459, 8),
(11203, 201, 7460, 7),
(11204, 201, 7460, 8),
(11205, 201, 7461, 7),
(11206, 201, 7461, 8),
(11209, 201, 7462, 7),
(11210, 201, 7462, 8),
(11211, 201, 7463, 7),
(11212, 201, 7463, 8),
(11207, 201, 7464, 7),
(11208, 201, 7464, 8),
(11217, 201, 7465, 7),
(11218, 201, 7465, 8),
(11201, 201, 7466, 7),
(11202, 201, 7466, 8),
(11213, 201, 7467, 7),
(11214, 201, 7467, 8),
(11231, 201, 7470, NULL),
(11230, 201, 7471, NULL),
(11228, 201, 7472, NULL),
(11229, 201, 7473, NULL),
(11155, 201, 7500, NULL),
(11382, 201, 8101, NULL),
(11270, 201, 8102, NULL),
(11365, 201, 8103, NULL),
(11165, 201, 8104, NULL),
(11356, 201, 8105, NULL),
(11112, 201, 8106, NULL),
(11385, 201, 8107, NULL),
(11274, 201, 8108, NULL),
(11367, 201, 8109, NULL),
(11168, 201, 8110, NULL),
(11415, 201, 8111, NULL),
(11194, 201, 8112, NULL),
(11358, 201, 8113, NULL),
(11115, 201, 8114, NULL),
(11191, 201, 8115, NULL),
(11153, 201, 8116, NULL),
(11449, 201, 8117, NULL),
(11452, 201, 8118, NULL),
(11450, 201, 8119, NULL),
(11448, 201, 8120, NULL),
(11414, 201, 8121, NULL),
(11352, 201, 8122, NULL),
(11105, 201, 8123, NULL),
(11362, 201, 8124, NULL),
(11160, 201, 8125, NULL),
(11411, 201, 8126, NULL),
(11192, 201, 8127, NULL),
(11389, 201, 8128, NULL),
(11279, 201, 8129, NULL),
(11234, 201, 8133, 7),
(11235, 201, 8133, 8),
(11456, 201, 8134, 7),
(11457, 201, 8134, 8),
(11061, 201, 8136, NULL),
(11117, 201, 8137, NULL),
(11604, 201, 9500, 7),
(11605, 201, 9500, 8),
(11383, 201, 9501, NULL),
(11271, 201, 9502, NULL),
(11357, 201, 9503, NULL),
(11113, 201, 9504, NULL),
(11366, 201, 9505, NULL),
(11166, 201, 9506, NULL),
(11397, 201, 9507, NULL),
(11317, 201, 9508, NULL),
(11527, 201, 9509, NULL),
(11086, 201, 9510, 7),
(11087, 201, 9510, 8),
(11610, 201, 9516, 7),
(11611, 201, 9516, 8),
(11480, 201, 9517, 7),
(11481, 201, 9517, 8),
(11260, 201, 9518, 7),
(11261, 201, 9518, 8),
(11510, 201, 9519, 7),
(11511, 201, 9519, 8),
(11332, 201, 9520, NULL),
(11333, 201, 9521, NULL),
(11334, 201, 9522, NULL),
(11492, 201, 9523, 7),
(11493, 201, 9523, 8),
(3682, 203, 6128, 7),
(3683, 203, 6128, 8),
(3686, 203, 6129, 7),
(3687, 203, 6129, 8),
(3702, 203, 6130, 7),
(3703, 203, 6130, 8),
(3704, 203, 6131, 7),
(3705, 203, 6131, 8),
(3691, 203, 7228, NULL),
(3688, 203, 7241, NULL),
(3689, 203, 7251, NULL),
(3690, 203, 7252, NULL),
(3693, 203, 7253, NULL),
(3684, 203, 7266, 7),
(3685, 203, 7266, 8),
(3710, 203, 7269, 7),
(3711, 203, 7436, NULL),
(3708, 203, 7444, 7),
(3709, 203, 7445, 7),
(3696, 203, 7460, 7),
(3697, 203, 7460, 8),
(3698, 203, 7461, 7),
(3699, 203, 7461, 8),
(3700, 203, 7462, 7),
(3701, 203, 7462, 8),
(3692, 203, 7500, NULL),
(3706, 203, 8102, NULL),
(3694, 203, 8104, NULL),
(3707, 203, 9502, NULL),
(3695, 203, 9506, NULL),
(3712, 203, 9508, NULL);

--
-- Table data for `RelRolesPermissions`
--

INSERT INTO `RelRolesPermissions` (`IdRel`, `IdRole`, `IdPermission`) VALUES
(659, 201, 1001),
(660, 201, 1002),
(661, 201, 1003),
(662, 201, 1004),
(663, 201, 1005),
(664, 201, 1006),
(665, 201, 1007),
(666, 201, 1008),
(667, 201, 1009),
(668, 201, 1010),
(506, 203, 1001),
(507, 203, 1004),
(508, 203, 1007),
(509, 203, 1008),
(510, 203, 1009);

--
-- Table data for `RelRolesStates`
--

INSERT INTO `RelRolesStates` (`IdRel`, `IdRole`, `IdState`) VALUES
(1, 201, 7),
(2, 201, 8),
(3, 202, 7),
(4, 203, 7),
(5, 203, 8);

--
-- Table data for `Users`
--

INSERT INTO `Users` (`IdUser`, `Login`, `Pass`, `Name`, `Email`, `Locale`, `LastLogin`, `NumAccess`) VALUES
(301, 'ximdex', '2e15be6c3d1f03a6362d8538e5e895ee', 'Administrador de ximdex', 'notify@ximdex.org', 'en_US', NULL, 0);

--
-- Table data for `RelUsersGroups`
--

INSERT INTO `RelUsersGroups` (`IdRel`, `IdUser`, `IdGroup`, `IdRole`) VALUES
(1, 301, 101, 201);

--
-- Table data for `SectionTypes`
--

INSERT INTO `SectionTypes` (`idSectionType`, `sectionType`, `idNodeType`, `module`) VALUES
(1, 'Normal', 5015, NULL),
(2, 'Xnews', 5015, NULL);

--
-- Table data for `SemanticNamespaces`
--

INSERT INTO `SemanticNamespaces` (`idNamespace`, `service`, `type`, `nemo`, `uri`, `recursive`, `category`, `isSemantic`) VALUES
(1, 'Ximdex', 'Custom', 'custom', 'http://<ximdex_local_url>/', 0, 'generic', 0),
(2, 'Ximdex', 'Custom', 'custom', 'http://<ximdex_local_url>/', 0, 'generic', 0),
(3, 'Ximdex', 'OntologyBrowser', 'structured', 'ontologies/json/SchemaOrg.json', 0, 'generic', 1);

--
-- Table data for `Transitions`
--

INSERT INTO `Transitions` (`id`, `cacheable`, `name`, `viewClass`, `previousTransitionId`) VALUES
(1, 1, 'ToRenderize', 'NodeToRenderizedContent', NULL),
(2, 1, 'FromRenderToPreFilter', 'PrefilterMacros', 1),
(3, 1, 'FromPreFilterToDexT', 'Transformer', 2),
(4, 0, 'PublishXML', 'FilterMacros', 3),
(5, 0, 'ToFinal', 'Common', NULL),
(6, 0, 'EditionToPublication', NULL, NULL),
(7, 0, 'ToRenderizeXedit', 'NodeToRenderizedContent', NULL),
(8, 0, 'FromRenderToXedit', 'Xedit', 7),
(9, 0, 'FromXeditToPreFilter', 'PrefilterMacros', 8),
(10, 1, 'PrepareHTML', 'PrepareHTML', NULL),
(11, 0, 'PublishHTML', 'FilterMacros', 10),
(12, 1, 'PrepareXIF', 'PrepareXIF', 10),
(13, 0, 'PublishXIF', 'FilterMacros', 12),
(34, 0, 'Edition_to_Edition', NULL, NULL),
(35, 0, 'Edition_to_Translating', NULL, NULL),
(36, 0, 'Translating_to_Review translation', NULL, NULL),
(37, 0, 'Review translation_to_Publication', NULL, NULL);
